ÐòºÅ,ZM1,í²M1,ZX,í²X,ZM2,í²M2,M2/M1,Cu plat,C black,Cu mesh,GC,C paper,Ti,e-DEP,HT,RED,DEP,wire,block,DEN,coral,particle,HEX,size,CONC,V,FE
1,29,1.9,8,3.44,0,0,0,0,0,1,0,0,0,0,0,0,1,0,0,0,0,1,0,3.5,0.1,-0.4,41.5
2,29,1.9,8,3.44,0,0,0,0,0,1,0,0,0,0,0,0,1,0,0,0,0,1,0,3.5,0.1,-0.5,42.5
3,29,1.9,8,3.44,0,0,0,0,0,1,0,0,0,0,0,0,1,0,0,0,0,1,0,3.5,0.1,-0.6,39.2
4,29,1.9,8,3.44,0,0,0,0,0,1,0,0,0,0,0,0,1,0,0,0,0,1,0,3.5,0.1,-0.7,32.1
5,29,1.9,8,3.44,0,0,0,0,0,1,0,0,0,0,0,0,1,0,0,0,0,1,0,3.5,0.1,-0.8,26.3
6,29,1.9,8,3.44,0,0,0,0,0,1,0,0,0,0,0,0,1,0,0,0,0,1,0,3.5,0.1,-0.9,20
7,29,1.9,8,3.44,47,1.93,0.0051,0,0,1,0,0,0,0,0,0,1,0,0,0,0,1,0,3.5,0.1,-0.4,33.5
8,29,1.9,8,3.44,47,1.93,0.0051,0,0,1,0,0,0,0,0,0,1,0,0,0,0,1,0,3.5,0.1,-0.5,59.5
9,29,1.9,8,3.44,47,1.93,0.0051,0,0,1,0,0,0,0,0,0,1,0,0,0,0,1,0,3.5,0.1,-0.6,72.1
10,29,1.9,8,3.44,47,1.93,0.0051,0,0,1,0,0,0,0,0,0,1,0,0,0,0,1,0,3.5,0.1,-0.7,73.9
11,29,1.9,8,3.44,47,1.93,0.0051,0,0,1,0,0,0,0,0,0,1,0,0,0,0,1,0,3.5,0.1,-0.8,78.5
12,29,1.9,8,3.44,47,1.93,0.0051,0,0,1,0,0,0,0,0,0,1,0,0,0,0,1,0,3.5,0.1,-0.9,74.5
13,29,1.9,8,3.44,47,1.93,0.0075,0,0,1,0,0,0,0,0,0,1,0,0,0,0,1,0,3.5,0.1,-0.4,42
14,29,1.9,8,3.44,47,1.93,0.0075,0,0,1,0,0,0,0,0,0,1,0,0,0,0,1,0,3.5,0.1,-0.5,66.5
15,29,1.9,8,3.44,47,1.93,0.0075,0,0,1,0,0,0,0,0,0,1,0,0,0,0,1,0,3.5,0.1,-0.6,83.5
16,29,1.9,8,3.44,47,1.93,0.0075,0,0,1,0,0,0,0,0,0,1,0,0,0,0,1,0,3.5,0.1,-0.7,91.2
17,29,1.9,8,3.44,47,1.93,0.0075,0,0,1,0,0,0,0,0,0,1,0,0,0,0,1,0,3.5,0.1,-0.8,87.8
18,29,1.9,8,3.44,47,1.93,0.0075,0,0,1,0,0,0,0,0,0,1,0,0,0,0,1,0,3.5,0.1,-0.9,86.7
19,29,1.9,8,3.44,47,1.93,0.0116,0,0,1,0,0,0,0,0,0,1,0,0,0,0,1,0,3.5,0.1,-0.4,46.5
20,29,1.9,8,3.44,47,1.93,0.0116,0,0,1,0,0,0,0,0,0,1,0,0,0,0,1,0,3.5,0.1,-0.5,68.2
21,29,1.9,8,3.44,47,1.93,0.0116,0,0,1,0,0,0,0,0,0,1,0,0,0,0,1,0,3.5,0.1,-0.6,80.5
22,29,1.9,8,3.44,47,1.93,0.0116,0,0,1,0,0,0,0,0,0,1,0,0,0,0,1,0,3.5,0.1,-0.7,85.6
23,29,1.9,8,3.44,47,1.93,0.0116,0,0,1,0,0,0,0,0,0,1,0,0,0,0,1,0,3.5,0.1,-0.8,79.8
24,29,1.9,8,3.44,47,1.93,0.0116,0,0,1,0,0,0,0,0,0,1,0,0,0,0,1,0,3.5,0.1,-0.9,77.3
25,28,1.91,7,3.04,0,0,0,0,0,0,1,0,0,0,0,0,1,0,0,0,0,1,0,25,0.1,-0.6,1.2
26,28,1.91,7,3.04,0,0,0,0,0,0,1,0,0,0,0,0,1,0,0,0,0,1,0,25,0.1,-0.7,2
27,28,1.91,7,3.04,0,0,0,0,0,0,1,0,0,0,0,0,1,0,0,0,0,1,0,25,0.1,-0.8,8.3
28,28,1.91,7,3.04,0,0,0,0,0,0,1,0,0,0,0,0,1,0,0,0,0,1,0,25,0.1,-0.9,17
29,28,1.91,7,3.04,0,0,0,0,0,0,1,0,0,0,0,0,1,0,0,0,0,1,0,25,0.1,-1,23.5
30,28,1.91,7,3.04,0,0,0,0,0,0,1,0,0,0,0,0,1,0,0,0,0,1,0,25,0.1,-1.1,23
31,28,1.91,7,3.04,0,0,0,0,0,0,1,0,0,0,0,0,1,0,0,0,0,1,0,25,0.1,-1.2,21
32,29,1.9,0,0,0,0,0,0,0,0,1,0,0,0,0,0,1,0,0,0,0,1,0,0,0.1,-0.6,0.97
33,29,1.9,0,0,0,0,0,0,0,0,1,0,0,0,0,0,1,0,0,0,0,1,0,0,0.1,-0.7,1.2
34,29,1.9,0,0,0,0,0,0,0,0,1,0,0,0,0,0,1,0,0,0,0,1,0,0,0.1,-0.8,2.2
35,29,1.9,0,0,0,0,0,0,0,0,1,0,0,0,0,0,1,0,0,0,0,1,0,0,0.1,-0.9,2.46
36,29,1.9,0,0,0,0,0,0,0,0,1,0,0,0,0,0,1,0,0,0,0,1,0,0,0.1,-1,4.7
37,29,1.9,0,0,0,0,0,0,0,0,1,0,0,0,0,0,1,0,0,0,0,1,0,0,0.1,-1.1,2.3
38,29,1.9,0,0,0,0,0,0,0,0,1,0,0,0,0,0,1,0,0,0,0,1,0,0,0.1,-1.2,0.88
39,28,1.91,7,3.04,29,1.9,0.24,0,0,0,1,0,0,0,0,0,1,0,0,0,0,1,0,12.5,0.1,-0.6,1.2
40,28,1.91,7,3.04,29,1.9,0.24,0,0,0,1,0,0,0,0,0,1,0,0,0,0,1,0,12.5,0.1,-0.7,15
41,28,1.91,7,3.04,29,1.9,0.24,0,0,0,1,0,0,0,0,0,1,0,0,0,0,1,0,12.5,0.1,-0.8,51.3
42,28,1.91,7,3.04,29,1.9,0.24,0,0,0,1,0,0,0,0,0,1,0,0,0,0,1,0,12.5,0.1,-0.9,66
43,28,1.91,7,3.04,29,1.9,0.24,0,0,0,1,0,0,0,0,0,1,0,0,0,0,1,0,12.5,0.1,-1,88.5
44,28,1.91,7,3.04,29,1.9,0.24,0,0,0,1,0,0,0,0,0,1,0,0,0,0,1,0,12.5,0.1,-1.1,70
45,28,1.91,7,3.04,29,1.9,0.24,0,0,0,1,0,0,0,0,0,1,0,0,0,0,1,0,12.5,0.1,-1.2,51
46,28,1.91,7,3.04,29,1.9,0.46,0,0,0,1,0,0,0,0,0,1,0,0,0,0,1,0,10,0.1,-0.6,0.1
47,28,1.91,7,3.04,29,1.9,0.46,0,0,0,1,0,0,0,0,0,1,0,0,0,0,1,0,10,0.1,-0.7,2.5
48,28,1.91,7,3.04,29,1.9,0.46,0,0,0,1,0,0,0,0,0,1,0,0,0,0,1,0,10,0.1,-0.8,27
49,28,1.91,7,3.04,29,1.9,0.46,0,0,0,1,0,0,0,0,0,1,0,0,0,0,1,0,10,0.1,-0.9,54.2
50,28,1.91,7,3.04,29,1.9,0.46,0,0,0,1,0,0,0,0,0,1,0,0,0,0,1,0,10,0.1,-1,68.8
51,28,1.91,7,3.04,29,1.9,0.46,0,0,0,1,0,0,0,0,0,1,0,0,0,0,1,0,10,0.1,-1.1,61.5
52,28,1.91,7,3.04,29,1.9,0.46,0,0,0,1,0,0,0,0,0,1,0,0,0,0,1,0,10,0.1,-1.2,57
53,28,1.91,7,3.04,29,1.9,0.95,0,0,0,1,0,0,0,0,0,1,0,0,0,0,1,0,5,0.1,-0.6,0.2
54,28,1.91,7,3.04,29,1.9,0.95,0,0,0,1,0,0,0,0,0,1,0,0,0,0,1,0,5,0.1,-0.7,1.2
55,28,1.91,7,3.04,29,1.9,0.95,0,0,0,1,0,0,0,0,0,1,0,0,0,0,1,0,5,0.1,-0.8,8.2
56,28,1.91,7,3.04,29,1.9,0.95,0,0,0,1,0,0,0,0,0,1,0,0,0,0,1,0,5,0.1,-0.9,21
57,28,1.91,7,3.04,29,1.9,0.95,0,0,0,1,0,0,0,0,0,1,0,0,0,0,1,0,5,0.1,-1,33.5
58,28,1.91,7,3.04,29,1.9,0.95,0,0,0,1,0,0,0,0,0,1,0,0,0,0,1,0,5,0.1,-1.1,26
59,28,1.91,7,3.04,29,1.9,0.95,0,0,0,1,0,0,0,0,0,1,0,0,0,0,1,0,5,0.1,-1.2,15.8
60,29,1.9,0,0,0,0,0,0,0,0,0,1,0,0,0,1,0,0,0,0,0,1,0,15,0.5,-0.7,39.1
61,29,1.9,0,0,0,0,0,0,0,0,0,1,0,0,0,1,0,0,0,0,0,1,0,15,0.5,-0.8,39.3
62,29,1.9,0,0,0,0,0,0,0,0,0,1,0,0,0,1,0,0,0,0,0,1,0,15,0.5,-0.9,28.9
63,29,1.9,0,0,0,0,0,0,0,0,0,1,0,0,0,1,0,0,0,0,0,1,0,15,0.5,-1,17.3
64,50,1.96,0,0,29,1.9,0.0526,0,0,0,0,1,0,0,0,1,0,0,0,0,0,1,0,15,0.5,-0.6,90.4
65,50,1.96,0,0,29,1.9,0.0526,0,0,0,0,1,0,0,0,1,0,0,0,0,0,1,0,15,0.5,-0.7,98
66,50,1.96,0,0,29,1.9,0.0526,0,0,0,0,1,0,0,0,1,0,0,0,0,0,1,0,15,0.5,-0.8,92.6
67,50,1.96,0,0,29,1.9,0.0526,0,0,0,0,1,0,0,0,1,0,0,0,0,0,1,0,15,0.5,-0.9,77.7
68,50,1.96,0,0,29,1.9,0.0526,0,0,0,0,1,0,0,0,1,0,0,0,0,0,1,0,15,0.5,-1,64.2
69,50,1.96,0,0,29,1.9,0.1111,0,0,0,0,1,0,0,0,1,0,0,0,0,0,1,0,15,0.5,-0.6,69.14
70,50,1.96,0,0,29,1.9,0.1111,0,0,0,0,1,0,0,0,1,0,0,0,0,0,1,0,15,0.5,-0.7,62.42
71,50,1.96,0,0,29,1.9,0.1111,0,0,0,0,1,0,0,0,1,0,0,0,0,0,1,0,15,0.5,-0.8,44.59
72,50,1.96,0,0,29,1.9,0.1111,0,0,0,0,1,0,0,0,1,0,0,0,0,0,1,0,15,0.5,-0.9,32.75
73,50,1.96,0,0,29,1.9,0.1111,0,0,0,0,1,0,0,0,1,0,0,0,0,0,1,0,15,0.5,-1,30.76
74,50,1.96,0,0,29,1.9,0.25,0,0,0,0,1,0,0,0,1,0,0,0,0,0,1,0,15,0.5,-0.6,40.6
75,50,1.96,0,0,29,1.9,0.25,0,0,0,0,1,0,0,0,1,0,0,0,0,0,1,0,15,0.5,-0.7,34.25
76,50,1.96,0,0,29,1.9,0.25,0,0,0,0,1,0,0,0,1,0,0,0,0,0,1,0,15,0.5,-0.8,25.47
77,50,1.96,0,0,29,1.9,0.25,0,0,0,0,1,0,0,0,1,0,0,0,0,0,1,0,15,0.5,-0.9,24.29
78,50,1.96,0,0,29,1.9,0.25,0,0,0,0,1,0,0,0,1,0,0,0,0,0,1,0,15,0.5,-1,21.08
79,50,1.96,0,0,29,1.9,0.0309,0,0,0,0,1,0,0,0,1,0,0,0,0,0,1,0,15,0.5,-0.4,78.2
80,50,1.96,0,0,29,1.9,0.0309,0,0,0,0,1,0,0,0,1,0,0,0,0,0,1,0,15,0.5,-0.5,89.5
81,50,1.96,0,0,29,1.9,0.0309,0,0,0,0,1,0,0,0,1,0,0,0,0,0,1,0,15,0.5,-0.6,89.9
82,50,1.96,0,0,29,1.9,0.0309,0,0,0,0,1,0,0,0,1,0,0,0,0,0,1,0,15,0.5,-0.7,96.7
83,50,1.96,0,0,29,1.9,0.0309,0,0,0,0,1,0,0,0,1,0,0,0,0,0,1,0,15,0.5,-0.8,96.2
84,50,1.96,0,0,29,1.9,0.0309,0,0,0,0,1,0,0,0,1,0,0,0,0,0,1,0,15,0.5,-0.9,91.8
85,50,1.96,0,0,29,1.9,0.0309,0,0,0,0,1,0,0,0,1,0,0,0,0,0,1,0,15,0.5,-1,82.8
86,50,1.96,0,0,29,1.9,0.4292,0,0,0,0,1,0,0,0,1,0,0,0,0,0,1,0,15,0.5,-0.6,16.6
87,50,1.96,0,0,29,1.9,0.4292,0,0,0,0,1,0,0,0,1,0,0,0,0,0,1,0,15,0.5,-0.7,12.9
88,50,1.96,0,0,29,1.9,0.4292,0,0,0,0,1,0,0,0,1,0,0,0,0,0,1,0,15,0.5,-0.8,10.01
89,50,1.96,0,0,29,1.9,0.4292,0,0,0,0,1,0,0,0,1,0,0,0,0,0,1,0,15,0.5,-0.9,6.7
90,50,1.96,0,0,29,1.9,0.4292,0,0,0,0,1,0,0,0,1,0,0,0,0,0,1,0,15,0.5,-1,5.7
91,50,1.96,0,0,29,1.9,0.4292,0,0,0,0,1,0,0,0,1,0,0,0,0,0,1,0,15,0.5,-1.1,4.8
92,50,1.96,0,0,29,1.9,0.0101,0,0,0,0,1,0,0,0,1,0,0,0,0,0,1,0,15,0.5,-0.5,62.6
93,50,1.96,0,0,29,1.9,0.0101,0,0,0,0,1,0,0,0,1,0,0,0,0,0,1,0,15,0.5,-0.6,67.1
94,50,1.96,0,0,29,1.9,0.0101,0,0,0,0,1,0,0,0,1,0,0,0,0,0,1,0,15,0.5,-0.7,85
95,50,1.96,0,0,29,1.9,0.0101,0,0,0,0,1,0,0,0,1,0,0,0,0,0,1,0,15,0.5,-0.8,89
96,50,1.96,0,0,29,1.9,0.0101,0,0,0,0,1,0,0,0,1,0,0,0,0,0,1,0,15,0.5,-0.9,85.9
97,50,1.96,0,0,29,1.9,0.0101,0,0,0,0,1,0,0,0,1,0,0,0,0,0,1,0,15,0.5,-1,58.9
98,30,1.65,8,3.44,0,0,0,0,0,0,0,1,0,0,0,0,1,0,0,1,0,0,0,35,2,-0.85,69.4
99,30,1.65,8,3.44,0,0,0,0,0,0,0,1,0,0,0,0,1,0,0,1,0,0,0,35,2,-0.9,81.5
100,30,1.65,8,3.44,0,0,0,0,0,0,0,1,0,0,0,0,1,0,0,1,0,0,0,35,2,-0.95,85.9
101,30,1.65,8,3.44,0,0,0,0,0,0,0,1,0,0,0,0,1,0,0,1,0,0,0,35,2,-1,80.3
102,30,1.65,8,3.44,0,0,0,0,0,0,0,1,0,0,0,0,1,0,0,1,0,0,0,35,2,-1.05,68.9
103,46,2.2,0,0,0,0,0,0,0,0,1,0,0,0,0,0,1,0,0,0,0,1,0,21.7,0.5,-0.4,46
104,46,2.2,8,3.44,0,0,0,0,0,0,1,0,0,0,0,0,1,1,0,0,0,0,0,10.7,0.5,-0.4,62.2
105,46,2.2,0,0,0,0,0,0,0,0,1,0,0,0,0,0,1,0,0,0,0,1,0,21.7,0.5,-0.6,62.4
106,46,2.2,8,3.44,0,0,0,0,0,0,1,0,0,0,0,0,1,1,0,0,0,0,0,10.7,0.5,-0.6,87.7
107,46,2.2,0,0,0,0,0,0,0,0,1,0,0,0,0,0,1,0,0,0,0,1,0,21.7,0.5,-0.8,70.1
108,46,2.2,8,3.44,0,0,0,0,0,0,1,0,0,0,0,0,1,1,0,0,0,0,0,10.7,0.5,-0.8,94.1
109,46,2.2,0,0,0,0,0,0,0,0,1,0,0,0,0,0,1,0,0,0,0,1,0,21.7,0.5,-1,67.5
110,46,2.2,8,3.44,0,0,0,0,0,0,1,0,0,0,0,0,1,1,0,0,0,0,0,10.7,0.5,-1,89.6
111,28,1.91,7,3.04,29,1.9,0.455,0,0,0,0,0,0,0,0,0,0,0,0,0,0,0,0,18.8,0.1,-0.6,97
112,28,1.91,7,3.04,29,1.9,0.543,0,0,0,0,0,0,0,0,0,0,0,0,0,0,0,0,17.9,0.1,-0.6,99.7
113,28,1.91,7,3.04,29,1.9,0.636,0,0,0,0,0,0,0,0,0,0,0,0,0,0,0,0,16.1,0.1,-0.6,92.5
114,28,1.91,7,3.04,0,0,0,0,0,0,0,0,0,0,0,0,0,0,0,0,0,0,0,0,0.1,-0.6,86.5
115,29,1.9,7,3.04,0,0,0,0,0,0,0,0,0,0,0,0,0,0,0,0,0,0,0,0,0.1,-0.6,90.1
116,28,1.91,7,3.04,29,1.9,0.543,0,0,0,0,0,0,0,0,0,0,0,0,0,0,0,0,17.9,0.1,-0.8,94
117,28,1.91,7,3.04,29,1.9,0.543,0,0,0,0,0,0,0,0,0,0,0,0,0,0,0,0,17.9,0.1,-0.7,99
118,28,1.91,7,3.04,29,1.9,0.543,0,0,0,0,0,0,0,0,0,0,0,0,0,0,0,0,17.9,0.1,-0.6,99.9
119,28,1.91,7,3.04,29,1.9,0.543,0,0,0,0,0,0,0,0,0,0,0,0,0,0,0,0,17.9,0.1,-0.5,96.5
120,28,1.91,7,3.04,29,1.9,0.543,0,0,0,0,0,0,0,0,0,0,0,0,0,0,0,0,17.9,0.1,-0.4,92.1
121,28,1.91,7,3.04,29,1.9,0.543,0,0,0,0,0,0,0,0,0,0,0,0,0,0,0,0,17.9,0.1,-0.3,82.9
122,29,1.9,7,3.04,0,0,0,0,0,0,0,0,0,0,0,0,0,0,0,0,0,0,0,0,0.1,-0.8,73
123,29,1.9,7,3.04,0,0,0,0,0,0,0,0,0,0,0,0,0,0,0,0,0,0,0,0,0.1,-0.7,88.2
124,29,1.9,7,3.04,0,0,0,0,0,0,0,0,0,0,0,0,0,0,0,0,0,0,0,0,0.1,-0.6,90
125,29,1.9,7,3.04,0,0,0,0,0,0,0,0,0,0,0,0,0,0,0,0,0,0,0,0,0.1,-0.5,87.8
126,29,1.9,7,3.04,0,0,0,0,0,0,0,0,0,0,0,0,0,0,0,0,0,0,0,0,0.1,-0.4,77.8
127,29,1.9,7,3.04,0,0,0,0,0,0,0,0,0,0,0,0,0,0,0,0,0,0,0,0,0.1,-0.3,65.4
128,28,1.91,7,3.04,0,0,0,0,0,0,0,0,0,0,0,0,0,0,0,0,0,0,0,0,0.1,-0.8,85.8
129,28,1.91,7,3.04,0,0,0,0,0,0,0,0,0,0,0,0,0,0,0,0,0,0,0,0,0.1,-0.7,90.9
130,28,1.91,7,3.04,0,0,0,0,0,0,0,0,0,0,0,0,0,0,0,0,0,0,0,0,0.1,-0.6,85.8
131,28,1.91,7,3.04,0,0,0,0,0,0,0,0,0,0,0,0,0,0,0,0,0,0,0,0,0.1,-0.5,71.7
132,28,1.91,7,3.04,0,0,0,0,0,0,0,0,0,0,0,0,0,0,0,0,0,0,0,0,0.1,-0.4,59
133,28,1.91,7,3.04,0,0,0,0,0,0,0,0,0,0,0,0,0,0,0,0,0,0,0,0,0.1,-0.3,46.8
134,46,2.2,7,3.04,0,0,0,0,0,0,0,1,0,0,0,0,1,0,0,0,0,1,0,3.7,0.1,-0.3,0
135,46,2.2,7,3.04,0,0,0,0,0,0,0,1,0,0,0,0,1,0,0,0,0,1,0,3.7,0.1,-0.4,16.7
136,46,2.2,7,3.04,0,0,0,0,0,0,0,1,0,0,0,0,1,0,0,0,0,1,0,3.7,0.1,-0.5,36.8
137,46,2.2,7,3.04,0,0,0,0,0,0,0,1,0,0,0,0,1,0,0,0,0,1,0,3.7,0.1,-0.6,52.8
138,46,2.2,7,3.04,0,0,0,0,0,0,0,1,0,0,0,0,1,0,0,0,0,1,0,3.7,0.1,-0.7,73.5
139,46,2.2,7,3.04,0,0,0,0,0,0,0,1,0,0,0,0,1,0,0,0,0,1,0,3.7,0.1,-0.8,81.7
140,46,2.2,7,3.04,0,0,0,0,0,0,0,1,0,0,0,0,1,0,0,0,0,1,0,3.7,0.1,-0.9,84
141,46,2.2,7,3.04,0,0,0,0,0,0,0,1,0,0,0,0,1,0,0,0,0,1,0,3.7,0.1,-1,75.6
142,46,2.2,7,3.04,0,0,0,0,0,0,0,1,0,0,0,0,1,0,0,0,0,1,0,3.7,0.1,-1.1,48.7
143,46,2.2,7,3.04,0,0,0,0,0,0,0,1,0,0,0,0,1,0,0,0,0,1,0,3.4,0.1,-0.3,16.2
144,46,2.2,7,3.04,0,0,0,0,0,0,0,1,0,0,0,0,1,0,0,0,0,1,0,3.4,0.1,-0.4,22.7
145,46,2.2,7,3.04,0,0,0,0,0,0,0,1,0,0,0,0,1,0,0,0,0,1,0,3.4,0.1,-0.5,36.9
146,46,2.2,7,3.04,0,0,0,0,0,0,0,1,0,0,0,0,1,0,0,0,0,1,0,3.4,0.1,-0.6,48.6
147,46,2.2,7,3.04,0,0,0,0,0,0,0,1,0,0,0,0,1,0,0,0,0,1,0,3.4,0.1,-0.7,76.2
148,46,2.2,7,3.04,0,0,0,0,0,0,0,1,0,0,0,0,1,0,0,0,0,1,0,3.4,0.1,-0.8,87.4
149,46,2.2,7,3.04,0,0,0,0,0,0,0,1,0,0,0,0,1,0,0,0,0,1,0,3.4,0.1,-0.9,92.7
150,46,2.2,7,3.04,0,0,0,0,0,0,0,1,0,0,0,0,1,0,0,0,0,1,0,3.4,0.1,-1,82.6
151,46,2.2,7,3.04,0,0,0,0,0,0,0,1,0,0,0,0,1,0,0,0,0,1,0,3.4,0.1,-1.1,63.9
152,46,2.2,7,3.04,0,0,0,0,0,0,0,1,0,0,0,0,1,0,0,0,0,1,0,4.1,0.1,-0.3,0
153,46,2.2,7,3.04,0,0,0,0,0,0,0,1,0,0,0,0,1,0,0,0,0,1,0,4.1,0.1,-0.4,11.2
154,46,2.2,7,3.04,0,0,0,0,0,0,0,1,0,0,0,0,1,0,0,0,0,1,0,4.1,0.1,-0.5,26.7
155,46,2.2,7,3.04,0,0,0,0,0,0,0,1,0,0,0,0,1,0,0,0,0,1,0,4.1,0.1,-0.6,43.9
156,46,2.2,7,3.04,0,0,0,0,0,0,0,1,0,0,0,0,1,0,0,0,0,1,0,4.1,0.1,-0.7,57
157,46,2.2,7,3.04,0,0,0,0,0,0,0,1,0,0,0,0,1,0,0,0,0,1,0,4.1,0.1,-0.8,61.2
158,46,2.2,7,3.04,0,0,0,0,0,0,0,1,0,0,0,0,1,0,0,0,0,1,0,4.1,0.1,-0.9,69.9
159,46,2.2,7,3.04,0,0,0,0,0,0,0,1,0,0,0,0,1,0,0,0,0,1,0,4.1,0.1,-1,59
160,46,2.2,7,3.04,0,0,0,0,0,0,0,1,0,0,0,0,1,0,0,0,0,1,0,4.1,0.1,-1.1,0
161,46,2.2,7,3.04,0,0,0,0,0,0,0,1,0,0,0,0,1,0,0,0,0,1,0,8.2,0.1,-0.3,0
162,46,2.2,7,3.04,0,0,0,0,0,0,0,1,0,0,0,0,1,0,0,0,0,1,0,8.2,0.1,-0.4,0
163,46,2.2,7,3.04,0,0,0,0,0,0,0,1,0,0,0,0,1,0,0,0,0,1,0,8.2,0.1,-0.5,15.6
164,46,2.2,7,3.04,0,0,0,0,0,0,0,1,0,0,0,0,1,0,0,0,0,1,0,8.2,0.1,-0.6,38.1
165,46,2.2,7,3.04,0,0,0,0,0,0,0,1,0,0,0,0,1,0,0,0,0,1,0,8.2,0.1,-0.7,54.3
166,46,2.2,7,3.04,0,0,0,0,0,0,0,1,0,0,0,0,1,0,0,0,0,1,0,8.2,0.1,-0.8,64.3
167,46,2.2,7,3.04,0,0,0,0,0,0,0,1,0,0,0,0,1,0,0,0,0,1,0,8.2,0.1,-0.9,70.4
168,46,2.2,7,3.04,0,0,0,0,0,0,0,1,0,0,0,0,1,0,0,0,0,1,0,8.2,0.1,-1,68
169,29,1.9,8,3.44,0,0,0,0,0,0,0,1,0,1,0,0,0,0,0,1,0,0,0,10,0.1,-0.5,6.5
170,29,1.9,8,3.44,0,0,0,0,0,0,0,1,0,1,0,0,0,0,0,1,0,0,0,10,0.1,-0.6,12.3
171,29,1.9,8,3.44,0,0,0,0,0,0,0,1,0,1,0,0,0,0,0,1,0,0,0,10,0.1,-0.7,14.32
172,29,1.9,8,3.44,0,0,0,0,0,0,0,1,0,1,0,0,0,0,0,1,0,0,0,10,0.1,-0.8,13.2
173,29,1.9,8,3.44,0,0,0,0,0,0,0,1,0,1,0,0,0,0,0,1,0,0,0,10,0.1,-0.9,11
174,29,1.9,8,3.44,0,0,0,0,0,0,0,1,0,1,0,0,0,0,0,1,0,0,0,10,0.1,-1,12.2
175,29,1.9,8,3.44,0,0,0,0,0,0,0,1,0,1,0,0,0,0,0,1,0,0,0,10,0.1,-1.1,9.9
176,29,1.9,8,3.44,49,1.78,0.008,0,0,0,0,1,0,0,0,0,1,0,0,1,0,0,0,10,0.1,-0.5,78.3
177,29,1.9,8,3.44,49,1.78,0.008,0,0,0,0,1,0,0,0,0,1,0,0,1,0,0,0,10,0.1,-0.6,78.35
178,29,1.9,8,3.44,49,1.78,0.008,0,0,0,0,1,0,0,0,0,1,0,0,1,0,0,0,10,0.1,-0.7,65.6
179,29,1.9,8,3.44,49,1.78,0.008,0,0,0,0,1,0,0,0,0,1,0,0,1,0,0,0,10,0.1,-0.8,51.7
180,29,1.9,8,3.44,49,1.78,0.008,0,0,0,0,1,0,0,0,0,1,0,0,1,0,0,0,10,0.1,-0.9,41.2
181,29,1.9,8,3.44,49,1.78,0.008,0,0,0,0,1,0,0,0,0,1,0,0,1,0,0,0,10,0.1,-1,35
182,29,1.9,8,3.44,49,1.78,0.008,0,0,0,0,1,0,0,0,0,1,0,0,1,0,0,0,10,0.1,-1.1,28.6
183,29,1.9,8,3.44,49,1.78,0.014,0,0,0,0,1,0,0,0,0,1,0,0,1,0,0,0,10,0.1,-0.5,92.5
184,29,1.9,8,3.44,49,1.78,0.014,0,0,0,0,1,0,0,0,0,1,0,0,1,0,0,0,10,0.1,-0.6,93.7
185,29,1.9,8,3.44,49,1.78,0.014,0,0,0,0,1,0,0,0,0,1,0,0,1,0,0,0,10,0.1,-0.7,92.2
186,29,1.9,8,3.44,49,1.78,0.014,0,0,0,0,1,0,0,0,0,1,0,0,1,0,0,0,10,0.1,-0.8,80.1
187,29,1.9,8,3.44,49,1.78,0.014,0,0,0,0,1,0,0,0,0,1,0,0,1,0,0,0,10,0.1,-0.9,69.9
188,29,1.9,8,3.44,49,1.78,0.014,0,0,0,0,1,0,0,0,0,1,0,0,1,0,0,0,10,0.1,-1,59.9
189,29,1.9,8,3.44,49,1.78,0.014,0,0,0,0,1,0,0,0,0,1,0,0,1,0,0,0,10,0.1,-1.1,50.9
190,29,1.9,8,3.44,49,1.78,0.027,0,0,0,0,1,0,0,0,0,1,0,0,1,0,0,0,10,0.1,-0.2,4.32
191,29,1.9,8,3.44,49,1.78,0.027,0,0,0,0,1,0,0,0,0,1,0,0,1,0,0,0,10,0.1,-0.25,57.3
192,29,1.9,8,3.44,49,1.78,0.027,0,0,0,0,1,0,0,0,0,1,0,0,1,0,0,0,10,0.1,-0.3,90.42
193,29,1.9,8,3.44,49,1.78,0.027,0,0,0,0,1,0,0,0,0,1,0,0,1,0,0,0,10,0.1,-0.4,95.19
194,29,1.9,8,3.44,49,1.78,0.027,0,0,0,0,1,0,0,0,0,1,0,0,1,0,0,0,10,0.1,-0.5,96.2
195,29,1.9,8,3.44,49,1.78,0.027,0,0,0,0,1,0,0,0,0,1,0,0,1,0,0,0,10,0.1,-0.6,97.8
196,29,1.9,8,3.44,49,1.78,0.027,0,0,0,0,1,0,0,0,0,1,0,0,1,0,0,0,10,0.1,-0.7,93.37
197,29,1.9,8,3.44,49,1.78,0.027,0,0,0,0,1,0,0,0,0,1,0,0,1,0,0,0,10,0.1,-0.8,85.32
198,29,1.9,8,3.44,49,1.78,0.027,0,0,0,0,1,0,0,0,0,1,0,0,1,0,0,0,10,0.1,-0.9,74.97
199,29,1.9,8,3.44,49,1.78,0.027,0,0,0,0,1,0,0,0,0,1,0,0,1,0,0,0,10,0.1,-1,67.15
200,29,1.9,8,3.44,49,1.78,0.027,0,0,0,0,1,0,0,0,0,1,0,0,1,0,0,0,10,0.1,-1.1,58.63
201,29,1.9,8,3.44,49,1.78,0.039,0,0,0,0,1,0,0,0,0,1,0,0,1,0,0,0,10,0.1,-0.3,81.8
202,29,1.9,8,3.44,49,1.78,0.039,0,0,0,0,1,0,0,0,0,1,0,0,1,0,0,0,10,0.1,-0.4,88.7
203,29,1.9,8,3.44,49,1.78,0.039,0,0,0,0,1,0,0,0,0,1,0,0,1,0,0,0,10,0.1,-0.5,90.9
204,29,1.9,8,3.44,49,1.78,0.039,0,0,0,0,1,0,0,0,0,1,0,0,1,0,0,0,10,0.1,-0.6,91.1
205,29,1.9,8,3.44,49,1.78,0.039,0,0,0,0,1,0,0,0,0,1,0,0,1,0,0,0,10,0.1,-0.7,87.5
206,29,1.9,8,3.44,49,1.78,0.039,0,0,0,0,1,0,0,0,0,1,0,0,1,0,0,0,10,0.1,-0.8,79.9
207,29,1.9,8,3.44,49,1.78,0.039,0,0,0,0,1,0,0,0,0,1,0,0,1,0,0,0,10,0.1,-0.9,67.8
208,29,1.9,8,3.44,49,1.78,0.039,0,0,0,0,1,0,0,0,0,1,0,0,1,0,0,0,10,0.1,-1,59.9
209,29,1.9,8,3.44,49,1.78,0.039,0,0,0,0,1,0,0,0,0,1,0,0,1,0,0,0,10,0.1,-1.1,52.6
210,29,1.9,8,3.44,49,1.78,0.05,0,0,0,0,1,0,0,0,0,1,0,0,1,0,0,0,10,0.1,-0.3,72.1
211,29,1.9,8,3.44,49,1.78,0.05,0,0,0,0,1,0,0,0,0,1,0,0,1,0,0,0,10,0.1,-0.4,84.9
212,29,1.9,8,3.44,49,1.78,0.05,0,0,0,0,1,0,0,0,0,1,0,0,1,0,0,0,10,0.1,-0.5,78.8
213,29,1.9,8,3.44,49,1.78,0.05,0,0,0,0,1,0,0,0,0,1,0,0,1,0,0,0,10,0.1,-0.6,79
214,29,1.9,8,3.44,49,1.78,0.05,0,0,0,0,1,0,0,0,0,1,0,0,1,0,0,0,10,0.1,-0.7,81.6
215,29,1.9,8,3.44,49,1.78,0.05,0,0,0,0,1,0,0,0,0,1,0,0,1,0,0,0,10,0.1,-0.8,71
216,29,1.9,8,3.44,49,1.78,0.05,0,0,0,0,1,0,0,0,0,1,0,0,1,0,0,0,10,0.1,-0.9,62.1
217,29,1.9,8,3.44,49,1.78,0.05,0,0,0,0,1,0,0,0,0,1,0,0,1,0,0,0,10,0.1,-1,35.8
218,29,1.9,8,3.44,49,1.78,0.05,0,0,0,0,1,0,0,0,0,1,0,0,1,0,0,0,10,0.1,-1.1,45
219,49,1.78,8,3.44,0,0,0,0,0,0,0,1,0,0,1,0,0,0,0,0,0,1,0,10,0.1,-0.7,26.4
220,49,1.78,8,3.44,0,0,0,0,0,0,0,1,0,0,1,0,0,0,0,0,0,1,0,10,0.1,-0.8,21.7
221,49,1.78,8,3.44,0,0,0,0,0,0,0,1,0,0,1,0,0,0,0,0,0,1,0,10,0.1,-0.9,17.2
222,49,1.78,8,3.44,0,0,0,0,0,0,0,1,0,0,1,0,0,0,0,0,0,1,0,10,0.1,-1,14.2
223,49,1.78,8,3.44,0,0,0,0,0,0,0,1,0,0,1,0,0,0,0,0,0,1,0,10,0.1,1.1,10
224,29,1.9,0,0,0,0,0,0,0,0,0,1,0,1,0,0,0,0,1,0,0,0,0,10,0.1,-0.6,2.4
225,29,1.9,0,0,0,0,0,0,0,0,0,1,0,1,0,0,0,0,1,0,0,0,0,10,0.1,-0.7,3
226,29,1.9,0,0,0,0,0,0,0,0,0,1,0,1,0,0,0,0,1,0,0,0,0,10,0.1,-0.8,3.8
227,29,1.9,0,0,0,0,0,0,0,0,0,1,0,1,0,0,0,0,1,0,0,0,0,10,0.1,-0.9,6
228,29,1.9,0,0,0,0,0,0,0,0,0,1,0,1,0,0,0,0,1,0,0,0,0,10,0.1,-1,7.8
229,29,1.9,0,0,0,0,0,0,0,0,0,1,0,1,0,0,0,0,1,0,0,0,0,10,0.1,-1.1,6.8
230,29,1.9,8,3.44,49,1.78,0.027,0,0,0,0,1,0,0,0,0,1,0,0,1,0,0,0,10,0.5,-0.3,93.6
231,29,1.9,8,3.44,49,1.78,0.027,0,0,0,0,1,0,0,0,0,1,0,0,1,0,0,0,10,0.5,-0.4,95.6
232,29,1.9,8,3.44,49,1.78,0.027,0,0,0,0,1,0,0,0,0,1,0,0,1,0,0,0,10,0.5,-0.5,97.5
233,29,1.9,8,3.44,49,1.78,0.027,0,0,0,0,1,0,0,0,0,1,0,0,1,0,0,0,10,0.5,-0.6,99.2
234,29,1.9,8,3.44,49,1.78,0.027,0,0,0,0,1,0,0,0,0,1,0,0,1,0,0,0,10,0.5,-0.7,96.7
235,29,1.9,8,3.44,49,1.78,0.027,0,0,0,0,1,0,0,0,0,1,0,0,1,0,0,0,10,0.5,-0.8,93.7
236,29,1.9,8,3.44,49,1.78,0.027,0,0,0,0,1,0,0,0,0,1,0,0,1,0,0,0,10,0.5,-0.9,87.1
237,29,1.9,8,3.44,49,1.78,0.027,0,0,0,0,1,0,0,0,0,1,0,0,1,0,0,0,10,0.5,-1,79
238,29,1.9,8,3.44,50,1.96,0.02,0,0,0,0,1,0,0,0,0,1,0,0,0,0,1,0,12.5,0.5,-0.6,79
239,29,1.9,8,3.44,50,1.96,0.02,0,0,0,0,1,0,0,0,0,1,0,0,0,0,1,0,12.5,0.5,-0.7,88.8
240,29,1.9,8,3.44,50,1.96,0.02,0,0,0,0,1,0,0,0,0,1,0,0,0,0,1,0,12.5,0.5,-0.8,92.5
241,29,1.9,8,3.44,50,1.96,0.02,0,0,0,0,1,0,0,0,0,1,0,0,0,0,1,0,12.5,0.5,-0.9,92.4
242,29,1.9,8,3.44,50,1.96,0.02,0,0,0,0,1,0,0,0,0,1,0,0,0,0,1,0,12.5,0.5,-1,90
243,29,1.9,8,3.44,50,1.96,0.02,0,0,0,0,1,0,0,0,0,1,0,0,0,0,1,0,12.5,0.5,-1.1,84.6
244,29,1.9,8,3.44,50,1.96,0.0488,0,0,0,0,1,0,0,0,0,1,0,0,0,0,1,0,12.5,0.5,-0.6,80
245,29,1.9,8,3.44,50,1.96,0.0488,0,0,0,0,1,0,0,0,0,1,0,0,0,0,1,0,12.5,0.5,-0.7,83.1
246,29,1.9,8,3.44,50,1.96,0.0488,0,0,0,0,1,0,0,0,0,1,0,0,0,0,1,0,12.5,0.5,-0.8,94
247,29,1.9,8,3.44,50,1.96,0.0488,0,0,0,0,1,0,0,0,0,1,0,0,0,0,1,0,12.5,0.5,-0.9,91.8
248,29,1.9,8,3.44,50,1.96,0.0488,0,0,0,0,1,0,0,0,0,1,0,0,0,0,1,0,12.5,0.5,-1,95.4
249,29,1.9,8,3.44,50,1.96,0.048,0,0,0,0,1,0,0,0,0,1,0,0,0,0,1,0,12.5,0.5,-1.1,81.2
250,29,1.9,8,3.44,50,1.96,0.125,0,0,0,0,1,0,0,0,0,1,0,0,0,0,1,0,10,0.5,-0.8,52
251,29,1.9,8,3.44,50,1.96,0.125,0,0,0,0,1,0,0,0,0,1,0,0,0,0,1,0,10,0.5,-0.9,58.5
252,29,1.9,8,3.44,50,1.96,0.125,0,0,0,0,1,0,0,0,0,1,0,0,0,0,1,0,10,0.5,-1,39.7
253,29,1.9,8,3.44,50,1.96,0.125,0,0,0,0,1,0,0,0,0,1,0,0,0,0,1,0,10,0.5,-1.1,33.1
254,29,1.9,8,3.44,50,1.96,0.125,0,0,0,0,1,0,0,0,0,1,0,0,0,0,1,0,10,0.5,-1.2,35.8
255,29,1.9,8,3.44,50,1.96,0.125,0,0,0,0,1,0,0,0,0,1,0,0,0,0,1,0,10,0.5,-1.3,30.8
256,29,1.9,8,3.44,50,1.96,0.1666,0,0,0,0,1,0,0,0,0,1,0,0,0,0,1,0,10,0.5,-0.8,39
257,29,1.9,8,3.44,50,1.96,0.1666,0,0,0,0,1,0,0,0,0,1,0,0,0,0,1,0,10,0.5,-0.9,41.2
258,29,1.9,8,3.44,50,1.96,0.1666,0,0,0,0,1,0,0,0,0,1,0,0,0,0,1,0,10,0.5,-1,38.1
259,29,1.9,8,3.44,50,1.96,0.1666,0,0,0,0,1,0,0,0,0,1,0,0,0,0,1,0,10,0.5,-1.1,26.8
260,29,1.9,8,3.44,50,1.96,0.1666,0,0,0,0,1,0,0,0,0,1,0,0,0,0,1,0,10,0.5,-1.2,32.5
261,29,1.9,8,3.44,50,1.96,0.1666,0,0,0,0,1,0,0,0,0,1,0,0,0,0,1,0,10,0.5,-1.3,28
262,29,1.9,8,3.44,50,1.96,0.25,0,0,0,0,1,0,0,0,0,1,0,0,0,0,1,0,10,0.5,-0.8,25.7
263,29,1.9,8,3.44,50,1.96,0.25,0,0,0,0,1,0,0,0,0,1,0,0,0,0,1,0,10,0.5,-0.9,27.9
264,29,1.9,8,3.44,50,1.96,0.25,0,0,0,0,1,0,0,0,0,1,0,0,0,0,1,0,10,0.5,-1,31.6
265,29,1.9,8,3.44,50,1.96,0.25,0,0,0,0,1,0,0,0,0,1,0,0,0,0,1,0,10,0.5,-1.1,21.5
266,29,1.9,8,3.44,50,1.96,0.25,0,0,0,0,1,0,0,0,0,1,0,0,0,0,1,0,10,0.5,-1.2,16
267,29,1.9,8,3.44,50,1.96,0.25,0,0,0,0,1,0,0,0,0,1,0,0,0,0,1,0,10,0.5,-1.3,15.9
268,29,1.9,8,3.44,50,1.96,0.5,0,0,0,0,1,0,0,0,0,1,0,0,0,0,1,0,20,0.5,-0.8,0.9
269,29,1.9,8,3.44,50,1.96,0.5,0,0,0,0,1,0,0,0,0,1,0,0,0,0,1,0,20,0.5,-0.9,7.2
270,29,1.9,8,3.44,50,1.96,0.5,0,0,0,0,1,0,0,0,0,1,0,0,0,0,1,0,20,0.5,-1,6.5
271,29,1.9,8,3.44,50,1.96,0.5,0,0,0,0,1,0,0,0,0,1,0,0,0,0,1,0,20,0.5,-1.1,7.1
272,29,1.9,8,3.44,50,1.96,0.5,0,0,0,0,1,0,0,0,0,1,0,0,0,0,1,0,20,0.5,-1.2,8.5
273,29,1.9,8,3.44,50,1.96,0.5,0,0,0,0,1,0,0,0,0,1,0,0,0,0,1,0,20,0.5,-1.3,6.6
274,29,1.9,8,3.44,50,1.96,0.9345,0,0,0,0,1,0,0,0,0,1,0,0,0,0,1,0,10,0.5,-0.8,4.8
275,29,1.9,8,3.44,50,1.96,0.9345,0,0,0,0,1,0,0,0,0,1,0,0,0,0,1,0,10,0.5,-0.9,8
276,29,1.9,8,3.44,50,1.96,0.9345,0,0,0,0,1,0,0,0,0,1,0,0,0,0,1,0,10,0.5,-1,10.1
277,29,1.9,8,3.44,50,1.96,0.9345,0,0,0,0,1,0,0,0,0,1,0,0,0,0,1,0,10,0.5,-1.1,7.8
278,29,1.9,8,3.44,50,1.96,0.9345,0,0,0,0,1,0,0,0,0,1,0,0,0,0,1,0,10,0.5,-1.2,8.6
279,29,1.9,8,3.44,50,1.96,0.9345,0,0,0,0,1,0,0,0,0,1,0,0,0,0,1,0,10,0.5,-1.3,9.1
280,50,1.96,8,3.44,29,1.9,0.5,0,0,0,0,1,0,0,0,0,1,0,0,0,0,1,0,20,0.5,-0.8,6.3
281,50,1.96,8,3.44,29,1.9,0.5,0,0,0,0,1,0,0,0,0,1,0,0,0,0,1,0,20,1.5,-0.9,12
282,50,1.96,8,3.44,29,1.9,0.5,0,0,0,0,1,0,0,0,0,1,0,0,0,0,1,0,20,2.5,-1,12.9
283,50,1.96,8,3.44,29,1.9,0.5,0,0,0,0,1,0,0,0,0,1,0,0,0,0,1,0,20,3.5,-1.1,14.2
284,50,1.96,8,3.44,29,1.9,0.5,0,0,0,0,1,0,0,0,0,1,0,0,0,0,1,0,20,4.5,-1.2,12.2
285,50,1.96,8,3.44,29,1.9,0.5,0,0,0,0,1,0,0,0,0,1,0,0,0,0,1,0,20,0.5,-1.3,11.7
286,29,1.9,0,0,0,0,0,0,0,0,0,1,0,0,0,0,1,0,0,0,0,1,0,12.5,0.5,-0.6,26.5
287,29,1.9,0,0,0,0,0,0,0,0,0,1,0,0,0,0,1,0,0,0,0,1,0,12.5,0.5,-0.7,30.8
288,29,1.9,0,0,0,0,0,0,0,0,0,1,0,0,0,0,1,0,0,0,0,1,0,12.5,0.5,-0.8,29.6
289,29,1.9,0,0,0,0,0,0,0,0,0,1,0,0,0,0,1,0,0,0,0,1,0,12.5,0.5,-0.9,29.4
290,29,1.9,0,0,0,0,0,0,0,0,0,1,0,0,0,0,1,0,0,0,0,1,0,12.5,0.5,-1,33.5
291,29,1.9,0,0,0,0,0,0,0,0,0,1,0,0,0,0,1,0,0,0,0,1,0,12.5,0.5,-1.1,41.9
292,50,1.96,0,0,0,0,0,0,0,0,0,1,0,0,0,0,1,0,0,0,0,1,0,12.5,0.5,-0.6,0.7
293,50,1.96,0,0,0,0,0,0,0,0,0,1,0,0,0,0,1,0,0,0,0,1,0,12.5,0.5,-0.7,1
294,50,1.96,0,0,0,0,0,0,0,0,0,1,0,0,0,0,1,0,0,0,0,1,0,12.5,0.5,-0.8,4.5
295,50,1.96,0,0,0,0,0,0,0,0,0,1,0,0,0,0,1,0,0,0,0,1,0,12.5,0.5,-0.9,3.7
296,50,1.96,0,0,0,0,0,0,0,0,0,1,0,0,0,0,1,0,0,0,0,1,0,12.5,0.5,-1,4.7
297,50,1.96,0,0,0,0,0,0,0,0,0,1,0,0,0,0,1,0,0,0,0,1,0,12.5,0.5,-1.1,5
298,47,1.93,0,0,0,0,0,0,0,0,0,0,0,1,0,0,0,0,0,0,1,0,0,22.2,0.1,-1.1,91.94
299,47,1.93,0,0,0,0,0,0,0,0,0,0,0,1,0,0,0,0,0,0,1,0,0,22.2,0.1,-1,94.29
300,47,1.93,0,0,0,0,0,0,0,0,0,0,0,1,0,0,0,0,0,0,1,0,0,22.2,0.1,-0.9,95.71
301,47,1.93,0,0,0,0,0,0,0,0,0,0,0,1,0,0,0,0,0,0,1,0,0,22.2,0.1,-0.8,96.09
302,47,1.93,0,0,0,0,0,0,0,0,0,0,0,1,0,0,0,0,0,0,1,0,0,22.2,0.1,-0.7,93.91
303,47,1.93,0,0,0,0,0,0,0,0,0,0,0,1,0,0,0,0,0,0,1,0,0,22.2,0.1,-0.6,91.56
304,47,1.93,0,0,0,0,0,0,0,0,0,0,0,1,0,0,0,0,0,0,1,0,0,22.2,0.1,-0.5,85.17
305,47,1.93,0,0,0,0,0,0,0,0,0,0,0,1,0,0,0,0,0,0,1,0,0,22.2,0.1,-0.4,72.07
306,47,1.93,0,0,0,0,0,0,0,0,0,0,0,1,0,0,0,0,0,0,1,0,0,22.2,0.1,-0.3,41.11
307,47,1.93,0,0,0,0,0,0,0,0,0,0,0,1,0,0,0,0,0,0,1,0,0,20.1,0.1,-1.1,78.84
308,47,1.93,0,0,0,0,0,0,0,0,0,0,0,1,0,0,0,0,0,0,1,0,0,20.1,0.1,-1,90.14
309,47,1.93,0,0,0,0,0,0,0,0,0,0,0,1,0,0,0,0,0,0,1,0,0,20.1,0.1,-0.9,87.19
310,47,1.93,0,0,0,0,0,0,0,0,0,0,0,1,0,0,0,0,0,0,1,0,0,20.1,0.1,-0.8,90.14
311,47,1.93,0,0,0,0,0,0,0,0,0,0,0,1,0,0,0,0,0,0,1,0,0,20.1,0.1,-0.7,88.94
312,47,1.93,0,0,0,0,0,0,0,0,0,0,0,1,0,0,0,0,0,0,1,0,0,20.1,0.1,-0.6,78.24
313,47,1.93,0,0,0,0,0,0,0,0,0,0,0,1,0,0,0,0,0,0,1,0,0,20.1,0.1,-0.5,64.15
314,47,1.93,0,0,0,0,0,0,0,0,0,0,0,1,0,0,0,0,0,0,1,0,0,20.1,0.1,-0.4,30.79
315,47,1.93,0,0,0,0,0,0,0,0,0,0,0,1,0,0,0,0,0,0,1,0,0,20.1,0.1,-0.3,0
316,47,1.93,0,0,0,0,0,0,0,0,0,0,0,1,0,0,0,0,0,0,1,0,0,19.3,0.1,-1.1,73.87
317,47,1.93,0,0,0,0,0,0,0,0,0,0,0,1,0,0,0,0,0,0,1,0,0,19.3,0.1,-1,83.59
318,47,1.93,0,0,0,0,0,0,0,0,0,0,0,1,0,0,0,0,0,0,1,0,0,19.3,0.1,-0.9,85.39
319,47,1.93,0,0,0,0,0,0,0,0,0,0,0,1,0,0,0,0,0,0,1,0,0,19.3,0.1,-0.8,86.37
320,47,1.93,0,0,0,0,0,0,0,0,0,0,0,1,0,0,0,0,0,0,1,0,0,19.3,0.1,-0.7,82.82
321,47,1.93,0,0,0,0,0,0,0,0,0,0,0,1,0,0,0,0,0,0,1,0,0,19.3,0.1,-0.6,50.45
322,47,1.93,0,0,0,0,0,0,0,0,0,0,0,1,0,0,0,0,0,0,1,0,0,19.3,0.1,-0.5,8.35
323,47,1.93,0,0,0,0,0,0,0,0,0,0,0,1,0,0,0,0,0,0,1,0,0,19.3,0.1,-0.4,0
324,47,1.93,0,0,0,0,0,0,0,0,0,0,0,1,0,0,0,0,0,0,1,0,0,19.3,0.1,-0.3,0
325,47,1.93,0,0,0,0,0,0,0,0,0,0,0,0,0,0,0,0,1,0,0,0,0,18.4,0.1,-1.1,50.06
326,47,1.93,0,0,0,0,0,0,0,0,0,0,0,0,0,0,0,0,1,0,0,0,0,18.4,0.1,-1,55.42
327,47,1.93,0,0,0,0,0,0,0,0,0,0,0,0,0,0,0,0,1,0,0,0,0,18.4,0.1,-0.9,43.89
328,47,1.93,0,0,0,0,0,0,0,0,0,0,0,0,0,0,0,0,1,0,0,0,0,18.4,0.1,-0.8,36.74
329,47,1.93,0,0,0,0,0,0,0,0,0,0,0,0,0,0,0,0,1,0,0,0,0,18.4,0.1,-0.7,23.86
330,47,1.93,0,0,0,0,0,0,0,0,0,0,0,0,0,0,0,0,1,0,0,0,0,18.4,0.1,-0.6,5.78
331,47,1.93,0,0,0,0,0,0,0,0,0,0,0,0,0,0,0,0,1,0,0,0,0,18.4,0.1,-0.5,0
332,47,1.93,0,0,0,0,0,0,0,0,0,0,0,0,0,0,0,0,1,0,0,0,0,18.4,0.1,-0.4,0
333,47,1.93,0,0,0,0,0,0,0,0,0,0,0,0,0,0,0,0,1,0,0,0,0,18.4,0.1,-0.3,0
334,79,2.4,0,0,0,0,0,0,0,0,0,0,0,0,0,0,0,0,1,0,0,0,0,20,0.1,-1.1,40.35
335,79,2.4,0,0,0,0,0,0,0,0,0,0,0,0,0,0,0,0,1,0,0,0,0,20,0.1,-1,45.86
336,79,2.4,0,0,0,0,0,0,0,0,0,0,0,0,0,0,0,0,1,0,0,0,0,20,0.1,-0.9,56.78
337,79,2.4,0,0,0,0,0,0,0,0,0,0,0,0,0,0,0,0,1,0,0,0,0,20,0.1,-0.8,66.5
338,79,2.4,0,0,0,0,0,0,0,0,0,0,0,0,0,0,0,0,1,0,0,0,0,20,0.1,-0.7,69.12
339,79,2.4,0,0,0,0,0,0,0,0,0,0,0,0,0,0,0,0,1,0,0,0,0,20,0.1,-0.6,56.62
340,79,2.4,0,0,0,0,0,0,0,0,0,0,0,0,0,0,0,0,1,0,0,0,0,20,0.1,-0.5,32.76
341,79,2.4,0,0,0,0,0,0,0,0,0,0,0,0,0,0,0,0,1,0,0,0,0,20,0.1,-0.4,0
342,79,2.4,0,0,0,0,0,0,0,0,0,0,0,0,0,0,0,0,1,0,0,0,0,20,0.1,-0.3,0
343,30,1.65,8,3.44,0,0,0,0,0,0,0,0,0,1,0,0,0,0,1,0,0,0,0,250,0.5,-1.15,46.63
344,30,1.65,8,3.44,0,0,0,0,0,0,0,0,0,1,0,0,0,0,1,0,0,0,0,250,0.5,-1.1,37.69
345,30,1.65,8,3.44,0,0,0,0,0,0,0,0,0,1,0,0,0,0,1,0,0,0,0,250,0.5,-1.05,29.22
346,30,1.65,8,3.44,0,0,0,0,0,0,0,0,0,1,0,0,0,0,1,0,0,0,0,250,0.5,-1,19.51
347,30,1.65,8,3.44,0,0,0,0,0,0,0,0,0,1,0,0,0,0,1,0,0,0,0,250,0.5,-0.95,11.96
348,30,1.65,8,3.44,0,0,0,0,0,0,0,0,0,1,0,0,0,0,1,0,0,0,0,250,0.5,-0.9,9.04
349,30,1.65,8,3.44,0,0,0,0,0,0,0,0,0,1,0,0,0,0,1,0,0,0,0,250,0.5,-0.85,7.34
350,30,1.65,8,3.44,0,0,0,0,0,0,0,0,0,1,0,0,0,0,1,0,0,0,0,250,0.5,-0.8,5.65
351,30,1.65,8,3.44,0,0,0,0,0,0,0,0,0,1,0,0,0,0,1,0,0,0,0,250,0.5,-0.75,5.19
352,30,1.65,8,3.44,0,0,0,0,0,0,0,0,0,1,0,0,0,0,0,0,0,0,1,100,0.5,-1.15,61.5
353,30,1.65,8,3.44,0,0,0,0,0,0,0,0,0,1,0,0,0,0,0,0,0,0,1,100,0.5,-1.1,67.51
354,30,1.65,8,3.44,0,0,0,0,0,0,0,0,0,1,0,0,0,0,0,0,0,0,1,100,0.5,-1.05,69.74
355,30,1.65,8,3.44,0,0,0,0,0,0,0,0,0,1,0,0,0,0,0,0,0,0,1,100,0.5,-1,69.2
356,30,1.65,8,3.44,0,0,0,0,0,0,0,0,0,1,0,0,0,0,0,0,0,0,1,100,0.5,-0.95,68.97
357,30,1.65,8,3.44,0,0,0,0,0,0,0,0,0,1,0,0,0,0,0,0,0,0,1,100,0.5,-0.9,67.51
358,30,1.65,8,3.44,0,0,0,0,0,0,0,0,0,1,0,0,0,0,0,0,0,0,1,100,0.5,-0.85,65.58
359,30,1.65,8,3.44,0,0,0,0,0,0,0,0,0,1,0,0,0,0,0,0,0,0,1,100,0.5,-0.8,63.42
360,30,1.65,8,3.44,0,0,0,0,0,0,0,0,0,1,0,0,0,0,0,0,0,0,1,100,0.5,-0.75,57.11
361,30,1.65,8,3.44,0,0,0,0,0,0,0,0,0,1,0,0,0,0,0,0,0,0,1,125,0.5,-1.15,60.03
362,30,1.65,8,3.44,0,0,0,0,0,0,0,0,0,1,0,0,0,0,0,0,0,0,1,125,0.5,-1.1,69.74
363,30,1.65,8,3.44,0,0,0,0,0,0,0,0,0,1,0,0,0,0,0,0,0,0,1,125,0.5,-1.05,76.29
364,30,1.65,8,3.44,0,0,0,0,0,0,0,0,0,1,0,0,0,0,0,0,0,0,1,125,0.5,-1,77.52
365,30,1.65,8,3.44,0,0,0,0,0,0,0,0,0,1,0,0,0,0,0,0,0,0,1,125,0.5,-0.95,78.91
366,30,1.65,8,3.44,0,0,0,0,0,0,0,0,0,1,0,0,0,0,0,0,0,0,1,125,0.5,-0.9,77.75
367,30,1.65,8,3.44,0,0,0,0,0,0,0,0,0,1,0,0,0,0,0,0,0,0,1,125,0.5,-0.85,76.98
368,30,1.65,8,3.44,0,0,0,0,0,0,0,0,0,1,0,0,0,0,0,0,0,0,1,125,0.5,-0.8,73.82
369,30,1.65,8,3.44,0,0,0,0,0,0,0,0,0,1,0,0,0,0,0,0,0,0,1,125,0.5,-0.75,71.2
370,30,1.65,8,3.44,0,0,0,0,0,0,0,0,0,1,0,0,0,0,0,0,0,0,1,50,0.5,-1.25,92.31
371,30,1.65,8,3.44,0,0,0,0,0,0,0,0,0,1,0,0,0,0,0,0,0,0,1,50,0.5,-1.2,94.93
372,30,1.65,8,3.44,0,0,0,0,0,0,0,0,0,1,0,0,0,0,0,0,0,0,1,50,0.5,-1.15,94.93
373,30,1.65,8,3.44,0,0,0,0,0,0,0,0,0,1,0,0,0,0,0,0,0,0,1,50,0.5,-1.1,94.93
374,30,1.65,8,3.44,0,0,0,0,0,0,0,0,0,1,0,0,0,0,0,0,0,0,1,50,0.5,-1.05,93.77
375,30,1.65,8,3.44,0,0,0,0,0,0,0,0,0,1,0,0,0,0,0,0,0,0,1,50,0.5,-1,91.77
376,30,1.65,8,3.44,0,0,0,0,0,0,0,0,0,1,0,0,0,0,0,0,0,0,1,50,0.5,-0.95,90.38
377,30,1.65,8,3.44,0,0,0,0,0,0,0,0,0,1,0,0,0,0,0,0,0,0,1,50,0.5,-0.9,86.69
378,30,1.65,8,3.44,0,0,0,0,0,0,0,0,0,1,0,0,0,0,0,0,0,0,1,50,0.5,-0.85,75.29
379,30,1.65,8,3.44,0,0,0,0,0,0,0,0,0,1,0,0,0,0,0,0,0,0,1,50,0.5,-0.8,61.96
380,30,1.65,8,3.44,0,0,0,0,0,0,0,0,0,1,0,0,0,0,0,0,0,0,1,50,0.5,-0.75,56.1
381,30,1.65,0,0,0,0,0,0,0,0,0,0,0,1,0,0,0,0,1,0,0,0,0,500,0.5,-0.6,2.29
382,30,1.65,0,0,0,0,0,0,0,0,0,0,0,1,0,0,0,0,1,0,0,0,0,500,0.5,-0.65,2.96
383,30,1.65,0,0,0,0,0,0,0,0,0,0,0,1,0,0,0,0,1,0,0,0,0,500,0.5,-0.7,6.93
384,30,1.65,0,0,0,0,0,0,0,0,0,0,0,1,0,0,0,0,1,0,0,0,0,500,0.5,-0.75,6.43
385,30,1.65,0,0,0,0,0,0,0,0,0,0,0,1,0,0,0,0,1,0,0,0,0,500,0.5,-0.8,6.83
386,30,1.65,0,0,0,0,0,0,0,0,0,0,0,1,0,0,0,0,1,0,0,0,0,500,0.5,-0.85,16.65
387,30,1.65,0,0,0,0,0,0,0,0,0,0,0,1,0,0,0,0,1,0,0,0,0,500,0.5,-0.9,23
388,30,1.65,0,0,0,0,0,0,0,0,0,0,0,1,0,0,0,0,1,0,0,0,0,500,0.5,-0.95,24.82
389,30,1.65,0,0,0,0,0,0,0,0,0,0,0,1,0,0,0,0,1,0,0,0,0,500,0.5,-1,23.27
390,30,1.65,0,0,0,0,0,0,0,0,0,0,0,1,0,0,0,0,1,0,0,0,0,500,0.5,-1.05,27.99
391,30,1.65,0,0,0,0,0,0,0,0,0,0,0,1,0,0,0,0,1,0,0,0,0,500,0.5,-1.1,38
392,30,1.65,0,0,0,0,0,0,0,0,0,0,0,1,0,0,0,0,0,0,0,0,1,740,0.5,-0.6,30.88
393,30,1.65,0,0,0,0,0,0,0,0,0,0,0,1,0,0,0,0,0,0,0,0,1,740,0.5,-0.65,42.81
394,30,1.65,0,0,0,0,0,0,0,0,0,0,0,1,0,0,0,0,0,0,0,0,1,740,0.5,-0.7,64.37
395,30,1.65,0,0,0,0,0,0,0,0,0,0,0,1,0,0,0,0,0,0,0,0,1,740,0.5,-0.75,72.65
396,30,1.65,0,0,0,0,0,0,0,0,0,0,0,1,0,0,0,0,0,0,0,0,1,740,0.5,-0.8,74.36
397,30,1.65,0,0,0,0,0,0,0,0,0,0,0,1,0,0,0,0,0,0,0,0,1,740,0.5,-0.85,79.57
398,30,1.65,0,0,0,0,0,0,0,0,0,0,0,1,0,0,0,0,0,0,0,0,1,740,0.5,-0.9,84.18
399,30,1.65,0,0,0,0,0,0,0,0,0,0,0,1,0,0,0,0,0,0,0,0,1,740,0.5,-0.95,84.86
400,30,1.65,0,0,0,0,0,0,0,0,0,0,0,1,0,0,0,0,0,0,0,0,1,740,0.5,-1,81.97
401,30,1.65,0,0,0,0,0,0,0,0,0,0,0,1,0,0,0,0,0,0,0,0,1,740,0.5,-1.05,84.01
402,30,1.65,0,0,0,0,0,0,0,0,0,0,0,1,0,0,0,0,0,0,0,0,1,740,0.5,-1.1,82.94
403,50,1.96,16,2.58,0,0,0,0,0,0,0,1,0,0,1,0,0,0,0,0,0,0,1,350,0.1,-1,9.03
404,50,1.96,16,2.58,0,0,0,0,0,0,0,1,0,0,1,0,0,0,0,0,0,0,1,350,0.1,-0.9,9.64
405,50,1.96,16,2.58,0,0,0,0,0,0,0,1,0,0,1,0,0,0,0,0,0,0,1,350,0.1,-0.8,13.54
406,50,1.96,16,2.58,0,0,0,0,0,0,0,1,0,0,1,0,0,0,0,0,0,0,1,350,0.1,-0.7,11.52
407,50,1.96,16,2.58,0,0,0,0,0,0,0,1,0,0,1,0,0,0,0,0,0,0,1,350,0.1,-0.6,7.72
408,50,1.96,16,2.58,0,0,0,0,0,0,0,1,0,0,1,0,0,0,0,0,0,0,1,350,0.1,-1,62.4
409,50,1.96,16,2.58,0,0,0,0,0,0,0,1,0,0,1,0,0,0,0,0,0,0,1,350,0.1,-0.9,82.86
410,50,1.96,16,2.58,0,0,0,0,0,0,0,1,0,0,1,0,0,0,0,0,0,0,1,350,0.1,-0.8,97.52
411,50,1.96,16,2.58,0,0,0,0,0,0,0,1,0,0,1,0,0,0,0,0,0,0,1,350,0.1,-0.7,59.21
412,50,1.96,16,2.58,0,0,0,0,0,0,0,1,0,0,1,0,0,0,0,0,0,0,1,350,0.1,-0.6,29.63
413,51,2.05,8,3.44,0,0,0,0,0,0,0,1,0,0,0,0,1,0,1,0,0,0,0,25,0.1,-0.79,6.38
414,51,2.05,8,3.44,0,0,0,0,0,0,0,1,0,0,0,0,1,0,1,0,0,0,0,25,0.1,-0.89,7.27
415,51,2.05,8,3.44,0,0,0,0,0,0,0,1,0,0,0,0,1,0,1,0,0,0,0,25,0.1,-0.99,3.19
416,51,2.05,8,3.44,0,0,0,0,0,0,0,1,0,0,0,0,1,0,1,0,0,0,0,25,0.1,-1.09,0
417,51,2.05,8,3.44,0,0,0,0,0,0,0,1,0,0,0,0,1,0,1,0,0,0,0,25,0.1,-1.19,1.54
418,29,1.9,8,3.44,51,2.05,0.3289,0,0,0,0,1,0,0,0,0,1,0,1,0,0,0,0,25,0.1,-0.79,51.66
419,29,1.9,8,3.44,51,2.05,0.3289,0,0,0,0,1,0,0,0,0,1,0,1,0,0,0,0,25,0.1,-0.89,66.77
420,29,1.9,8,3.44,51,2.05,0.3289,0,0,0,0,1,0,0,0,0,1,0,1,0,0,0,0,25,0.1,-0.99,81.69
421,29,1.9,8,3.44,51,2.05,0.3289,0,0,0,0,1,0,0,0,0,1,0,1,0,0,0,0,25,0.1,-1.09,70.56
422,29,1.9,8,3.44,51,2.05,0.3289,0,0,0,0,1,0,0,0,0,1,0,1,0,0,0,0,25,0.1,-1.19,62.18
423,47,1.93,0,0,0,0,0,0,0,0,1,0,0,0,0,1,0,0,0,0,0,1,0,50,0.1,-1.16,65.18
424,47,1.93,0,0,0,0,0,0,0,0,1,0,0,0,0,1,0,0,0,0,0,1,0,50,0.1,-1.06,73.89
425,47,1.93,0,0,0,0,0,0,0,0,1,0,0,0,0,1,0,0,0,0,0,1,0,50,0.1,-0.96,63.66
426,47,1.93,0,0,0,0,0,0,0,0,1,0,0,0,0,1,0,0,0,0,0,1,0,50,0.1,-0.86,55.04
427,47,1.93,0,0,0,0,0,0,0,0,1,0,0,0,0,1,0,0,0,0,0,1,0,50,0.1,-0.76,29.3
428,47,1.93,0,0,29,1.9,0.03,0,0,0,1,0,0,0,0,1,0,0,0,0,0,1,0,185,0.1,-1.16,65.24
429,47,1.93,0,0,29,1.9,0.03,0,0,0,1,0,0,0,0,1,0,0,0,0,0,1,0,185,0.1,-1.06,74.83
430,47,1.93,0,0,29,1.9,0.03,0,0,0,1,0,0,0,0,1,0,0,0,0,0,1,0,185,0.1,-0.96,63.57
431,47,1.93,0,0,29,1.9,0.03,0,0,0,1,0,0,0,0,1,0,0,0,0,0,1,0,185,0.1,-0.86,55.25
432,47,1.93,0,0,29,1.9,0.03,0,0,0,1,0,0,0,0,1,0,0,0,0,0,1,0,185,0.1,-0.76,27.95
433,47,1.93,0,0,29,1.9,0.06,0,0,0,1,0,0,0,0,1,0,0,0,0,0,1,0,180,0.1,-1.16,66.29
434,47,1.93,0,0,29,1.9,0.06,0,0,0,1,0,0,0,0,1,0,0,0,0,0,1,0,180,0.1,-1.06,76.12
435,47,1.93,0,0,29,1.9,0.06,0,0,0,1,0,0,0,0,1,0,0,0,0,0,1,0,180,0.1,-0.96,65.18
436,47,1.93,0,0,29,1.9,0.06,0,0,0,1,0,0,0,0,1,0,0,0,0,0,1,0,180,0.1,-0.86,55.04
437,47,1.93,0,0,29,1.9,0.06,0,0,0,1,0,0,0,0,1,0,0,0,0,0,1,0,180,0.1,-0.76,25.96
438,47,1.93,0,0,29,1.9,0.2,0,0,0,1,0,0,0,0,1,0,0,0,0,0,1,0,180,0.1,-1.16,68.77
439,47,1.93,0,0,29,1.9,0.2,0,0,0,1,0,0,0,0,1,0,0,0,0,0,1,0,180,0.1,-1.06,81.53
440,47,1.93,0,0,29,1.9,0.2,0,0,0,1,0,0,0,0,1,0,0,0,0,0,1,0,180,0.1,-0.96,67.9
441,47,1.93,0,0,29,1.9,0.2,0,0,0,1,0,0,0,0,1,0,0,0,0,0,1,0,180,0.1,-0.86,56.31
442,47,1.93,0,0,29,1.9,0.2,0,0,0,1,0,0,0,0,1,0,0,0,0,0,1,0,180,0.1,-0.76,27.98
443,29,1.9,0,0,47,1.93,0.7752,0,0,0,1,0,0,0,0,1,0,0,0,0,0,1,0,180,0.1,-1.16,22.34
444,29,1.9,0,0,47,1.93,0.7752,0,0,0,1,0,0,0,0,1,0,0,0,0,0,1,0,180,0.1,-1.06,23.5
445,29,1.9,0,0,47,1.93,0.7752,0,0,0,1,0,0,0,0,1,0,0,0,0,0,1,0,180,0.1,-0.96,19.12
446,29,1.9,0,0,47,1.93,0.7752,0,0,0,1,0,0,0,0,1,0,0,0,0,0,1,0,180,0.1,-0.86,16.69
447,29,1.9,0,0,47,1.93,0.7752,0,0,0,1,0,0,0,0,1,0,0,0,0,0,1,0,180,0.1,-0.76,18.34
448,29,1.9,0,0,47,1.93,0.5376,0,0,0,1,0,0,0,0,1,0,0,0,0,0,1,0,180,0.1,-1.16,10.56
449,29,1.9,0,0,47,1.93,0.5376,0,0,0,1,0,0,0,0,1,0,0,0,0,0,1,0,180,0.1,-1.06,11.83
450,29,1.9,0,0,47,1.93,0.5376,0,0,0,1,0,0,0,0,1,0,0,0,0,0,1,0,180,0.1,-0.96,15.85
451,29,1.9,0,0,47,1.93,0.5376,0,0,0,1,0,0,0,0,1,0,0,0,0,0,1,0,180,0.1,-0.86,19.09
452,29,1.9,0,0,47,1.93,0.5376,0,0,0,1,0,0,0,0,1,0,0,0,0,0,1,0,180,0.1,-0.76,17.42
453,29,1.9,0,0,47,1.93,0.4329,0,0,0,1,0,0,0,0,1,0,0,0,0,0,1,0,180,0.1,-1.16,4.77
454,29,1.9,0,0,47,1.93,0.4329,0,0,0,1,0,0,0,0,1,0,0,0,0,0,1,0,180,0.1,-1.06,4.77
455,29,1.9,0,0,47,1.93,0.4329,0,0,0,1,0,0,0,0,1,0,0,0,0,0,1,0,180,0.1,-0.96,11.74
456,29,1.9,0,0,47,1.93,0.4329,0,0,0,1,0,0,0,0,1,0,0,0,0,0,1,0,180,0.1,-0.86,14.62
457,29,1.9,0,0,47,1.93,0.4329,0,0,0,1,0,0,0,0,1,0,0,0,0,0,1,0,180,0.1,-0.76,17.91
458,29,1.9,0,0,47,1.93,0.271,0,0,0,1,0,0,0,0,1,0,0,0,0,0,1,0,180,0.1,-1.16,4.67
459,29,1.9,0,0,47,1.93,0.271,0,0,0,1,0,0,0,0,1,0,0,0,0,0,1,0,180,0.1,-1.06,5.94
460,29,1.9,0,0,47,1.93,0.271,0,0,0,1,0,0,0,0,1,0,0,0,0,0,1,0,180,0.1,-0.96,8.29
461,29,1.9,0,0,47,1.93,0.271,0,0,0,1,0,0,0,0,1,0,0,0,0,0,1,0,180,0.1,-0.86,13.98
462,29,1.9,0,0,47,1.93,0.271,0,0,0,1,0,0,0,0,1,0,0,0,0,0,1,0,180,0.1,-0.76,16.82
463,29,1.9,0,0,0,0,0,0,0,0,1,0,0,0,0,1,0,0,0,0,0,1,0,150,0.1,-1.16,5.77
464,29,1.9,0,0,0,0,0,0,0,0,1,0,0,0,0,1,0,0,0,0,0,1,0,150,0.1,-1.06,9.44
465,29,1.9,0,0,0,0,0,0,0,0,1,0,0,0,0,1,0,0,0,0,0,1,0,150,0.1,-0.96,7.85
466,29,1.9,0,0,0,0,0,0,0,0,1,0,0,0,0,1,0,0,0,0,0,1,0,150,0.1,-0.86,13.11
467,29,1.9,0,0,0,0,0,0,0,0,1,0,0,0,0,1,0,0,0,0,0,1,0,150,0.1,-0.76,16.38
468,79,2.4,0,0,0,0,0,0,0,0,1,0,0,0,0,1,0,0,0,0,0,1,0,9.89,0.1,-0.723,61.01
469,79,2.4,0,0,0,0,0,0,0,0,1,0,0,0,0,1,0,0,0,0,0,1,0,9.89,0.1,-0.806,64.68
470,79,2.4,0,0,0,0,0,0,0,0,1,0,0,0,0,1,0,0,0,0,0,1,0,9.89,0.1,-0.897,66.4
471,79,2.4,0,0,0,0,0,0,0,0,1,0,0,0,0,1,0,0,0,0,0,1,0,9.89,0.1,-0.986,65.02
472,79,2.4,0,0,0,0,0,0,0,0,1,0,0,0,0,1,0,0,0,0,0,1,0,9.89,0.1,-1.071,55.54
473,79,2.4,0,0,29,1.9,0.33,0,0,0,1,0,0,0,0,1,0,0,0,0,0,1,0,10.9,0.1,-0.722,64.7
474,79,2.4,0,0,29,1.9,0.33,0,0,0,1,0,0,0,0,1,0,0,0,0,0,1,0,10.9,0.1,-0.81,63.21
475,79,2.4,0,0,29,1.9,0.33,0,0,0,1,0,0,0,0,1,0,0,0,0,0,1,0,10.9,0.1,-0.89,55.66
476,79,2.4,0,0,29,1.9,0.33,0,0,0,1,0,0,0,0,1,0,0,0,0,0,1,0,10.9,0.1,-0.978,57.01
477,79,2.4,0,0,29,1.9,0.33,0,0,0,1,0,0,0,0,1,0,0,0,0,0,1,0,10.9,0.1,-1.064,49.22
478,29,1.9,0,0,79,2.4,1,0,0,0,1,0,0,0,0,1,0,0,0,0,0,1,0,11.33,0.1,-0.729,39.08
479,29,1.9,0,0,79,2.4,1,0,0,0,1,0,0,0,0,1,0,0,0,0,0,1,0,11.33,0.1,-0.811,45.5
480,29,1.9,0,0,79,2.4,1,0,0,0,1,0,0,0,0,1,0,0,0,0,0,1,0,11.33,0.1,-0.882,46.1
481,29,1.9,0,0,79,2.4,1,0,0,0,1,0,0,0,0,1,0,0,0,0,0,1,0,11.33,0.1,-0.948,46.01
482,29,1.9,0,0,79,2.4,1,0,0,0,1,0,0,0,0,1,0,0,0,0,0,1,0,11.33,0.1,-1.038,48.37
483,29,1.9,0,0,79,2.4,0.3333,0,0,0,1,0,0,0,0,1,0,0,0,0,0,1,0,11.2,0.1,-0.734,14.97
484,29,1.9,0,0,79,2.4,0.3333,0,0,0,1,0,0,0,0,1,0,0,0,0,0,1,0,11.2,0.1,-0.818,20.13
485,29,1.9,0,0,79,2.4,0.3333,0,0,0,1,0,0,0,0,1,0,0,0,0,0,1,0,11.2,0.1,-0.899,19.43
486,29,1.9,0,0,79,2.4,0.3333,0,0,0,1,0,0,0,0,1,0,0,0,0,0,1,0,11.2,0.1,-0.993,31.77
487,29,1.9,0,0,79,2.4,0.3333,0,0,0,1,0,0,0,0,1,0,0,0,0,0,1,0,11.2,0.1,-1.085,32.5
488,29,1.9,0,0,0,0,0,0,0,0,1,0,0,0,0,1,0,0,0,0,0,1,0,10.62,0.1,-0.749,2.54
489,29,1.9,0,0,0,0,0,0,0,0,1,0,0,0,0,1,0,0,0,0,0,1,0,10.62,0.1,-0.847,6.12
490,29,1.9,0,0,0,0,0,0,0,0,1,0,0,0,0,1,0,0,0,0,0,1,0,10.62,0.1,-0.944,5.93
491,29,1.9,0,0,0,0,0,0,0,0,1,0,0,0,0,1,0,0,0,0,0,1,0,10.62,0.1,-1.035,3.91
492,29,1.9,0,0,0,0,0,0,0,0,0,0,0,1,0,0,0,0,0,0,0,1,0,300,0.1,-1.08943,2.62
493,29,1.9,0,0,0,0,0,0,0,0,0,0,0,1,0,0,0,0,0,0,0,1,0,300,0.1,-0.98937,6.67
494,29,1.9,0,0,0,0,0,0,0,0,0,0,0,1,0,0,0,0,0,0,0,1,0,300,0.1,-0.88932,8.95
495,29,1.9,0,0,0,0,0,0,0,0,0,0,0,1,0,0,0,0,0,0,0,1,0,300,0.1,-0.78926,9.16
496,29,1.9,0,0,0,0,0,0,0,0,0,0,0,1,0,0,0,0,0,0,0,1,0,300,0.1,-0.68801,6.46
497,29,1.9,0,0,50,1.96,0.1494,1,0,0,0,0,0,1,0,0,0,0,0,0,0,1,0,25,0.1,-1.09076,53.98
498,29,1.9,0,0,50,1.96,0.1494,1,0,0,0,0,0,1,0,0,0,0,0,0,0,1,0,25,0.1,-0.98937,59.29
499,29,1.9,0,0,50,1.96,0.1494,1,0,0,0,0,0,1,0,0,0,0,0,0,0,1,0,25,0.1,-0.88837,52.86
500,29,1.9,0,0,50,1.96,0.1494,1,0,0,0,0,0,1,0,0,0,0,0,0,0,1,0,25,0.1,-0.78697,47.34
501,29,1.9,0,0,50,1.96,0.1494,1,0,0,0,0,0,1,0,0,0,0,0,0,0,1,0,25,0.1,-0.6883,38.89
502,29,1.9,0,0,50,1.96,0.3164,1,0,0,0,0,0,1,0,0,0,0,0,0,0,1,0,50,0.1,-1.09084,62.33
503,29,1.9,0,0,50,1.96,0.3164,1,0,0,0,0,0,1,0,0,0,0,0,0,0,1,0,50,0.1,-0.98861,68.95
504,29,1.9,0,0,50,1.96,0.3164,1,0,0,0,0,0,1,0,0,0,0,0,0,0,1,0,50,0.1,-0.89141,50.09
505,29,1.9,0,0,50,1.96,0.3164,1,0,0,0,0,0,1,0,0,0,0,0,0,0,1,0,50,0.1,-0.78918,54.1
506,29,1.9,0,0,50,1.96,0.3164,1,0,0,0,0,0,1,0,0,0,0,0,0,0,1,0,50,0.1,-0.6885,63.04
507,29,1.9,0,0,50,1.96,0.8196,1,0,0,0,0,0,1,0,0,0,0,1,0,0,0,0,200,0.1,-1.0896,4.52
508,29,1.9,0,0,50,1.96,0.8196,1,0,0,0,0,0,1,0,0,0,0,1,0,0,0,0,200,0.1,-0.98976,7.76
509,29,1.9,0,0,50,1.96,0.8196,1,0,0,0,0,0,1,0,0,0,0,1,0,0,0,0,200,0.1,-0.88837,12.26
510,29,1.9,0,0,50,1.96,0.8196,1,0,0,0,0,0,1,0,0,0,0,1,0,0,0,0,200,0.1,-0.78853,8.75
511,29,1.9,0,0,50,1.96,0.8196,1,0,0,0,0,0,1,0,0,0,0,1,0,0,0,0,200,0.1,-0.68713,7.34
512,50,1.96,0,0,0,0,0,1,0,0,0,0,0,1,0,0,0,0,0,0,0,1,0,300,0.1,-1.08951,2.89
513,50,1.96,0,0,0,0,0,1,0,0,0,0,0,1,0,0,0,0,0,0,0,1,0,300,0.1,-0.98859,3.17
514,50,1.96,0,0,0,0,0,1,0,0,0,0,0,1,0,0,0,0,0,0,0,1,0,300,0.1,-0.89005,8.15
515,50,1.96,0,0,0,0,0,1,0,0,0,0,0,1,0,0,0,0,0,0,0,1,0,300,0.1,-0.79072,13.84
516,50,1.96,0,0,0,0,0,1,0,0,0,0,0,1,0,0,0,0,0,0,0,1,0,300,0.1,-0.69098,12.42
517,29,1.9,0,0,79,2.4,0.91,0,0,0,0,1,0,0,1,0,0,0,0,0,0,1,0,6.7,0.1,-0.97132,73.01
518,29,1.9,0,0,79,2.4,0.91,0,0,0,0,1,0,0,1,0,0,0,0,0,0,1,0,6.7,0.1,-0.88267,82.74
519,29,1.9,0,0,79,2.4,0.91,0,0,0,0,1,0,0,1,0,0,0,0,0,0,1,0,6.7,0.1,-0.80427,79.02
520,29,1.9,0,0,79,2.4,0.91,0,0,0,0,1,0,0,1,0,0,0,0,0,0,1,0,6.7,0.1,-0.72457,53.03
521,29,1.9,0,0,79,2.4,0.91,0,0,0,0,1,0,0,1,0,0,0,0,0,0,1,0,6.7,0.1,-0.6441,32.67
522,29,1.9,0,0,79,2.4,0.91,0,0,0,0,1,0,0,1,0,0,0,0,0,0,1,0,6.7,0.1,-0.56047,20.24
523,29,1.9,0,0,79,2.4,0.91,0,0,0,0,1,0,0,1,0,0,0,0,0,0,1,0,6.7,0.1,-0.47793,11.91
524,29,1.9,0,0,79,2.4,0.93,0,0,0,0,1,0,0,1,0,0,0,0,0,0,1,0,7.55,0.1,-0.87983,54.83
525,29,1.9,0,0,79,2.4,0.93,0,0,0,0,1,0,0,1,0,0,0,0,0,0,1,0,7.55,0.1,-0.80427,34.07
526,29,1.9,0,0,79,2.4,0.93,0,0,0,0,1,0,0,1,0,0,0,0,0,0,1,0,7.55,0.1,-0.72784,24.15
527,29,1.9,0,0,79,2.4,0.93,0,0,0,0,1,0,0,1,0,0,0,0,0,0,1,0,7.55,0.1,-0.6441,12.61
528,29,1.9,0,0,79,2.4,0.93,0,0,0,0,1,0,0,1,0,0,0,0,0,0,1,0,7.55,0.1,-0.56243,8.89
529,29,1.9,8,3.44,50,1.96,0.1628,0,1,0,0,0,0,0,1,0,0,0,0,0,0,1,0,8.8,0.1,-0.50198,52.36
530,29,1.9,8,3.44,50,1.96,0.1628,0,1,0,0,0,0,0,1,0,0,0,0,0,0,1,0,8.8,0.1,-0.60221,93.99
531,29,1.9,8,3.44,50,1.96,0.1628,0,1,0,0,0,0,0,1,0,0,0,0,0,0,1,0,8.8,0.1,-0.70062,94.67
532,29,1.9,8,3.44,50,1.96,0.1628,0,1,0,0,0,0,0,1,0,0,0,0,0,0,1,0,8.8,0.1,-0.80084,91.04
533,29,1.9,8,3.44,50,1.96,0.1628,0,1,0,0,0,0,0,1,0,0,0,0,0,0,1,0,8.8,0.1,-0.90106,89.77
534,29,1.9,8,3.44,50,1.96,0.1628,0,1,0,0,0,0,0,1,0,0,0,0,0,0,1,0,8.8,0.1,-0.99789,80.11
535,29,1.9,8,3.44,50,1.96,0.4292,0,1,0,0,0,0,0,1,0,0,0,0,0,0,1,0,10.7,0.1,-0.51126,1.61
536,29,1.9,8,3.44,50,1.96,0.4292,0,1,0,0,0,0,0,1,0,0,0,0,0,0,1,0,10.7,0.1,-0.63343,3.42
537,29,1.9,8,3.44,50,1.96,0.4292,0,1,0,0,0,0,0,1,0,0,0,0,0,0,1,0,10.7,0.1,-0.75537,5.24
538,29,1.9,8,3.44,50,1.96,0.4292,0,1,0,0,0,0,0,1,0,0,0,0,0,0,1,0,10.7,0.1,-0.87844,4.89
539,29,1.9,8,3.44,50,1.96,0.4292,0,1,0,0,0,0,0,1,0,0,0,0,0,0,1,0,10.7,0.1,-1.00129,6.17
540,46,2.2,0,0,29,1.9,0.18,0,1,0,0,0,0,0,0,1,0,0,0,0,0,1,0,3.3,0.1,-0.6,57.25
541,46,2.2,0,0,29,1.9,0.18,0,1,0,0,0,0,0,0,1,0,0,0,0,0,1,0,3.3,0.1,-0.7,70.13
542,46,2.2,0,0,29,1.9,0.18,0,1,0,0,0,0,0,0,1,0,0,0,0,0,1,0,3.3,0.1,-0.8,75.86
543,46,2.2,0,0,29,1.9,0.18,0,1,0,0,0,0,0,0,1,0,0,0,0,0,1,0,3.3,0.1,-0.9,77.3
544,46,2.2,0,0,29,1.9,0.18,0,1,0,0,0,0,0,0,1,0,0,0,0,0,1,0,3.3,0.1,-1,77.14
545,46,2.2,0,0,29,1.9,0.18,0,1,0,0,0,0,0,0,1,0,0,0,0,0,1,0,3.3,0.1,-1.1,74.75
546,46,2.2,0,0,29,1.9,0.18,0,1,0,0,0,0,0,0,1,0,0,0,0,0,1,0,3.3,0.1,-1.2,70.62
547,46,2.2,0,0,29,1.9,0.68,0,1,0,0,0,0,0,0,1,0,0,0,0,0,1,0,2.1,0.1,-0.6,31.48
548,46,2.2,0,0,29,1.9,0.68,0,1,0,0,0,0,0,0,1,0,0,0,0,0,1,0,2.1,0.1,-0.7,48.97
549,46,2.2,0,0,29,1.9,0.68,0,1,0,0,0,0,0,0,1,0,0,0,0,0,1,0,2.1,0.1,-0.8,61.55
550,46,2.2,0,0,29,1.9,0.68,0,1,0,0,0,0,0,0,1,0,0,0,0,0,1,0,2.1,0.1,-0.9,65.21
551,46,2.2,0,0,29,1.9,0.68,0,1,0,0,0,0,0,0,1,0,0,0,0,0,1,0,2.1,0.1,-1,63.93
552,46,2.2,0,0,29,1.9,0.68,0,1,0,0,0,0,0,0,1,0,0,0,0,0,1,0,2.1,0.1,-1.1,60.27
553,46,2.2,0,0,29,1.9,0.68,0,1,0,0,0,0,0,0,1,0,0,0,0,0,1,0,2.1,0.1,-1.2,57.42
554,46,2.2,0,0,0,0,0,0,1,0,0,0,0,0,0,1,0,0,0,0,0,1,0,4.3,0.1,-0.8,14.13
555,46,2.2,0,0,0,0,0,0,1,0,0,0,0,0,0,1,0,0,0,0,0,1,0,4.3,0.1,-0.9,13.96
556,46,2.2,0,0,0,0,0,0,1,0,0,0,0,0,0,1,0,0,0,0,0,1,0,4.3,0.1,-1,13.8
557,46,2.2,0,0,0,0,0,0,1,0,0,0,0,0,0,1,0,0,0,0,0,1,0,4.3,0.1,-1.1,13.34
558,46,2.2,0,0,0,0,0,0,1,0,0,0,0,0,0,1,0,0,0,0,0,1,0,4.3,0.1,-1.2,11.27
559,79,2.4,0,0,29,1.9,0.6,0,0,0,0,0,1,1,0,0,0,0,0,0,0,1,0,5,0.1,-1.02927,21.83
560,79,2.4,0,0,29,1.9,0.6,0,0,0,0,0,1,1,0,0,0,0,0,0,0,1,0,5,0.1,-0.92971,37.16
561,79,2.4,0,0,29,1.9,0.6,0,0,0,0,0,1,1,0,0,0,0,0,0,0,1,0,5,0.1,-0.83,34.58
562,79,2.4,0,0,29,1.9,0.6,0,0,0,0,0,1,1,0,0,0,0,0,0,0,1,0,5,0.1,-0.73044,41.18
563,79,2.4,0,0,29,1.9,0.6,0,0,0,0,0,1,1,0,0,0,0,0,0,0,1,0,5,0.1,-0.62992,30.11
564,79,2.4,0,0,29,1.9,0.6,0,0,0,0,0,1,1,0,0,0,0,0,0,0,1,0,5,0.1,-0.53036,16.45
565,79,2.4,0,0,29,1.9,0.6,0,0,0,0,0,1,1,0,0,0,0,0,0,0,1,0,5,0.1,-0.42984,18.58
566,47,1.93,0,0,29,1.9,0.88,0,0,0,0,0,1,1,0,0,0,0,0,0,0,1,0,25,0.1,-1.02927,7.28
567,47,1.93,0,0,29,1.9,0.88,0,0,0,0,0,1,1,0,0,0,0,0,0,0,1,0,25,0.1,-0.92876,8.74
568,47,1.93,0,0,29,1.9,0.88,0,0,0,0,0,1,1,0,0,0,0,0,0,0,1,0,25,0.1,-0.82824,9.29
569,47,1.93,0,0,29,1.9,0.88,0,0,0,0,0,1,1,0,0,0,0,0,0,0,1,0,25,0.1,-0.72949,21.71
570,47,1.93,0,0,29,1.9,0.88,0,0,0,0,0,1,1,0,0,0,0,0,0,0,1,0,25,0.1,-0.62992,13.1
571,47,1.93,0,0,29,1.9,0.88,0,0,0,0,0,1,1,0,0,0,0,0,0,0,1,0,25,0.1,-0.53036,29.44
572,47,1.93,0,0,29,1.9,0.88,0,0,0,0,0,1,1,0,0,0,0,0,0,0,1,0,25,0.1,-0.43066,28.43
573,29,1.9,0,0,0,0,0,0,0,0,0,0,1,1,0,0,0,0,1,0,0,0,0,0,0.1,-1.02832,3.81
574,29,1.9,0,0,0,0,0,0,0,0,0,0,1,1,0,0,0,0,1,0,0,0,0,0,0.1,-0.92876,2.8
575,29,1.9,0,0,0,0,0,0,0,0,0,0,1,1,0,0,0,0,1,0,0,0,0,0,0.1,-0.82905,3.81
576,29,1.9,0,0,0,0,0,0,0,0,0,0,1,1,0,0,0,0,1,0,0,0,0,0,0.1,-0.72854,4.25
577,29,1.9,0,0,0,0,0,0,0,0,0,0,1,1,0,0,0,0,1,0,0,0,0,0,0.1,-0.62992,5.03
578,29,1.9,0,0,0,0,0,0,0,0,0,0,1,1,0,0,0,0,1,0,0,0,0,0,0.1,-0.53036,5.7
579,29,1.9,0,0,0,0,0,0,0,0,0,0,1,1,0,0,0,0,1,0,0,0,0,0,0.1,-0.43066,10.85
580,29,1.9,0,0,48,1.69,0.3086,0,0,1,0,0,0,1,0,0,0,0,1,0,0,0,0,250,0.1,-1.2,55.18
581,29,1.9,0,0,48,1.69,0.3086,0,0,1,0,0,0,1,0,0,0,0,1,0,0,0,0,250,0.1,-1.1,58.9
582,29,1.9,0,0,48,1.69,0.3086,0,0,1,0,0,0,1,0,0,0,0,1,0,0,0,0,250,0.1,-1,62.61
583,29,1.9,0,0,48,1.69,0.3086,0,0,1,0,0,0,1,0,0,0,0,1,0,0,0,0,250,0.1,-0.9,61.26
584,29,1.9,0,0,48,1.69,0.3086,0,0,1,0,0,0,1,0,0,0,0,1,0,0,0,0,250,0.1,-0.8,59.24
585,29,1.9,0,0,48,1.69,0.4807,0,0,1,0,0,0,1,0,0,0,0,1,0,0,0,0,250,0.1,-1.2,59.89
586,29,1.9,0,0,48,1.69,0.4807,0,0,1,0,0,0,1,0,0,0,0,1,0,0,0,0,250,0.1,-1.1,73.1
587,29,1.9,0,0,48,1.69,0.4807,0,0,1,0,0,0,1,0,0,0,0,1,0,0,0,0,250,0.1,-1,83.26
588,29,1.9,0,0,48,1.69,0.4807,0,0,1,0,0,0,1,0,0,0,0,1,0,0,0,0,250,0.1,-0.9,78.27
589,29,1.9,0,0,48,1.69,0.4807,0,0,1,0,0,0,1,0,0,0,0,1,0,0,0,0,250,0.1,-0.8,70.78
590,79,2.4,14,1.9,0,0,0,0,0,0,0,1,0,0,0,1,0,1,0,0,0,0,0,150,0.5,-1,39.98
591,79,2.4,14,1.9,0,0,0,0,0,0,0,1,0,0,0,1,0,1,0,0,0,0,0,150,0.5,-0.9,46.87
592,79,2.4,14,1.9,0,0,0,0,0,0,0,1,0,0,0,1,0,1,0,0,0,0,0,150,0.5,-0.8,49.49
593,79,2.4,14,1.9,0,0,0,0,0,0,0,1,0,0,0,1,0,1,0,0,0,0,0,150,0.5,-0.7,52.93
594,79,2.4,14,1.9,0,0,0,0,0,0,0,1,0,0,0,1,0,1,0,0,0,0,0,150,0.5,-0.6,42.77
595,79,2.4,14,1.9,0,0,0,0,0,0,0,1,0,0,0,1,0,1,0,0,0,0,0,150,0.5,-0.5,29.35
596,79,2.4,14,1.9,0,0,0,0,0,0,0,1,0,0,0,1,0,1,0,0,0,0,0,150,0.5,-0.45,12.34
597,79,2.4,14,1.9,0,0,0,0,0,0,0,1,0,0,0,1,0,1,0,0,0,0,0,150,0.5,-1,74.35
598,79,2.4,14,1.9,0,0,0,0,0,0,0,1,0,0,0,1,0,1,0,0,0,0,0,150,0.5,-0.9,79.76
599,79,2.4,14,1.9,0,0,0,0,0,0,0,1,0,0,0,1,0,1,0,0,0,0,0,150,0.5,-0.8,79.93
600,79,2.4,14,1.9,0,0,0,0,0,0,0,1,0,0,0,1,0,1,0,0,0,0,0,150,0.5,-0.7,88.27
601,79,2.4,14,1.9,0,0,0,0,0,0,0,1,0,0,0,1,0,1,0,0,0,0,0,150,0.5,-0.6,92.68
602,79,2.4,14,1.9,0,0,0,0,0,0,0,1,0,0,0,1,0,1,0,0,0,0,0,150,0.5,-0.5,77.95
603,79,2.4,14,1.9,0,0,0,0,0,0,0,1,0,0,0,1,0,1,0,0,0,0,0,150,0.5,-0.4,43.42
604,79,2.4,14,1.9,0,0,0,0,0,0,0,1,0,0,0,1,0,1,0,0,0,0,0,150,0.5,-0.3,21.01
605,79,2.4,14,1.9,0,0,0,0,0,0,0,1,0,0,0,1,0,1,0,0,0,0,0,150,0.5,-1,20.35
606,79,2.4,14,1.9,0,0,0,0,0,0,0,1,0,0,0,1,0,1,0,0,0,0,0,150,0.5,-0.9,32.31
607,79,2.4,14,1.9,0,0,0,0,0,0,0,1,0,0,0,1,0,1,0,0,0,0,0,150,0.5,-0.8,58.81
608,79,2.4,14,1.9,0,0,0,0,0,0,0,1,0,0,0,1,0,1,0,0,0,0,0,150,0.5,-0.7,62.24
609,79,2.4,14,1.9,0,0,0,0,0,0,0,1,0,0,0,1,0,1,0,0,0,0,0,150,0.5,-0.6,60.93
610,79,2.4,14,1.9,0,0,0,0,0,0,0,1,0,0,0,1,0,1,0,0,0,0,0,150,0.5,-0.5,54.71
611,79,2.4,14,1.9,0,0,0,0,0,0,0,1,0,0,0,1,0,1,0,0,0,0,0,150,0.5,-0.4,23.13
612,79,2.4,6,2.55,0,0,0,0,0,0,0,1,0,0,0,1,0,0,0,0,0,1,0,50,0.5,-1,37.05
613,79,2.4,6,2.55,0,0,0,0,0,0,0,1,0,0,0,1,0,0,0,0,0,1,0,50,0.5,-0.9,38.51
614,79,2.4,6,2.55,0,0,0,0,0,0,0,1,0,0,0,1,0,0,0,0,0,1,0,50,0.5,-0.8,46.2
615,79,2.4,6,2.55,0,0,0,0,0,0,0,1,0,0,0,1,0,0,0,0,0,1,0,50,0.5,-0.7,52.59
616,79,2.4,6,2.55,0,0,0,0,0,0,0,1,0,0,0,1,0,0,0,0,0,1,0,50,0.5,-0.6,57
617,79,2.4,6,2.55,0,0,0,0,0,0,0,1,0,0,0,1,0,0,0,0,0,1,0,50,0.5,-0.5,53.9
618,79,2.4,6,2.55,0,0,0,0,0,0,0,1,0,0,0,1,0,0,0,0,0,1,0,50,0.5,-0.4,19.87
619,47,1.93,14,1.9,0,0,0,0,0,0,0,1,0,0,0,1,0,1,0,0,0,0,0,150,0.5,-1,27.46
620,47,1.93,14,1.9,0,0,0,0,0,0,0,1,0,0,0,1,0,1,0,0,0,0,0,150,0.5,-0.9,37.32
621,47,1.93,14,1.9,0,0,0,0,0,0,0,1,0,0,0,1,0,1,0,0,0,0,0,150,0.5,-0.8,46.1
622,47,1.93,14,1.9,0,0,0,0,0,0,0,1,0,0,0,1,0,1,0,0,0,0,0,150,0.5,-0.7,42.53
623,47,1.93,14,1.9,0,0,0,0,0,0,0,1,0,0,0,1,0,1,0,0,0,0,0,150,0.5,-0.6,27.13
624,47,1.93,14,1.9,0,0,0,0,0,0,0,1,0,0,0,1,0,1,0,0,0,0,0,150,0.5,-0.5,26.27
625,47,1.93,6,2.55,0,0,0,0,0,0,0,1,0,0,0,1,0,0,0,0,0,1,0,50,0.5,-1,17.93
626,47,1.93,6,2.55,0,0,0,0,0,0,0,1,0,0,0,1,0,0,0,0,0,1,0,50,0.5,-0.9,28.44
627,47,1.93,6,2.55,0,0,0,0,0,0,0,1,0,0,0,1,0,0,0,0,0,1,0,50,0.5,-0.8,32.88
628,47,1.93,6,2.55,0,0,0,0,0,0,0,1,0,0,0,1,0,0,0,0,0,1,0,50,0.5,-0.7,23.01
629,47,1.93,6,2.55,0,0,0,0,0,0,0,1,0,0,0,1,0,0,0,0,0,1,0,50,0.5,-0.6,21.72
630,47,1.93,6,2.55,0,0,0,0,0,0,0,1,0,0,0,1,0,0,0,0,0,1,0,50,0.5,-0.5,16.19
631,46,2.2,14,1.9,0,0,0,0,0,0,0,1,0,0,0,1,0,1,0,0,0,0,0,150,0.5,-1,45.93
632,46,2.2,14,1.9,0,0,0,0,0,0,0,1,0,0,0,1,0,1,0,0,0,0,0,150,0.5,-0.9,54.92
633,46,2.2,14,1.9,0,0,0,0,0,0,0,1,0,0,0,1,0,1,0,0,0,0,0,150,0.5,-0.8,47.59
634,46,2.2,14,1.9,0,0,0,0,0,0,0,1,0,0,0,1,0,1,0,0,0,0,0,150,0.5,-0.7,45.37
635,46,2.2,14,1.9,0,0,0,0,0,0,0,1,0,0,0,1,0,1,0,0,0,0,0,150,0.5,-0.6,41.61
636,46,2.2,14,1.9,0,0,0,0,0,0,0,1,0,0,0,1,0,1,0,0,0,0,0,150,0.5,-0.5,26.14
637,46,2.2,6,2.55,0,0,0,0,0,0,0,1,0,0,0,1,0,0,0,0,0,1,0,50,0.5,-1,41.61
638,46,2.2,6,2.55,0,0,0,0,0,0,0,1,0,0,0,1,0,0,0,0,0,1,0,50,0.5,-0.9,42.29
639,46,2.2,6,2.55,0,0,0,0,0,0,0,1,0,0,0,1,0,0,0,0,0,1,0,50,0.5,-0.8,35.75
640,46,2.2,6,2.55,0,0,0,0,0,0,0,1,0,0,0,1,0,0,0,0,0,1,0,50,0.5,-0.7,31.8
641,46,2.2,6,2.55,0,0,0,0,0,0,0,1,0,0,0,1,0,0,0,0,0,1,0,50,0.5,-0.6,19.47
642,46,2.2,6,2.55,0,0,0,0,0,0,0,1,0,0,0,1,0,0,0,0,0,1,0,50,0.5,-0.5,11.09
643,44,2.2,14,1.9,0,0,0,0,0,0,0,1,0,0,0,1,0,1,0,0,0,0,0,150,0.5,-1,35.15
644,44,2.2,14,1.9,0,0,0,0,0,0,0,1,0,0,0,1,0,1,0,0,0,0,0,150,0.5,-0.9,40.44
645,44,2.2,14,1.9,0,0,0,0,0,0,0,1,0,0,0,1,0,1,0,0,0,0,0,150,0.5,-0.8,50.35
646,44,2.2,14,1.9,0,0,0,0,0,0,0,1,0,0,0,1,0,1,0,0,0,0,0,150,0.5,-0.7,40.3
647,44,2.2,14,1.9,0,0,0,0,0,0,0,1,0,0,0,1,0,1,0,0,0,0,0,150,0.5,-0.6,21.92
648,44,2.2,6,2.55,0,0,0,0,0,0,0,1,0,0,0,1,0,0,0,0,0,1,0,50,0.5,-1,32.01
649,44,2.2,6,2.55,0,0,0,0,0,0,0,1,0,0,0,1,0,0,0,0,0,1,0,50,0.5,-0.9,37.56
650,44,2.2,6,2.55,0,0,0,0,0,0,0,1,0,0,0,1,0,0,0,0,0,1,0,50,0.5,-0.8,42.6
651,44,2.2,6,2.55,0,0,0,0,0,0,0,1,0,0,0,1,0,0,0,0,0,1,0,50,0.5,-0.7,33.14
652,44,2.2,6,2.55,0,0,0,0,0,0,0,1,0,0,0,1,0,0,0,0,0,1,0,50,0.5,-0.6,12.36
653,47,1.93,0,0,0,0,0,0,0,0,1,0,0,0,1,0,0,1,0,0,0,0,0,25,0.1,-1.15644,89.16521
654,47,1.93,0,0,0,0,0,0,0,0,1,0,0,0,1,0,0,1,0,0,0,0,0,25,0.1,-1.05678,89.27229
655,47,1.93,0,0,0,0,0,0,0,0,1,0,0,0,1,0,0,1,0,0,0,0,0,25,0.1,-0.95713,99.07047
656,47,1.93,0,0,0,0,0,0,0,0,1,0,0,0,1,0,0,1,0,0,0,0,0,25,0.1,-0.85597,95.26899
657,47,1.93,0,0,0,0,0,0,0,0,1,0,0,0,1,0,0,1,0,0,0,0,0,25,0.1,-0.75707,90.53053
658,47,1.93,0,0,0,0,0,0,0,0,1,0,0,0,1,0,0,1,0,0,0,0,0,25,0.1,-0.65666,71.89793
659,47,1.93,0,0,0,0,0,0,0,0,1,0,0,0,1,0,0,1,0,0,0,0,0,25,0.1,-0.557,36.45317
660,47,1.93,0,0,0,0,0,0,0,0,1,0,0,0,1,0,0,1,0,0,0,0,0,25,0.1,-0.45735,21.70237
661,47,1.93,0,0,0,0,0,0,0,0,1,0,0,0,1,0,0,1,0,0,0,0,0,25,0.1,-0.35694,20.68507
662,47,1.93,0,0,0,0,0,0,0,0,1,0,0,0,1,0,0,1,0,0,0,0,0,25,0.1,-0.25729,16.42849
663,47,1.93,0,0,0,0,0,0,0,0,1,0,0,0,1,0,0,1,0,0,0,0,0,100,0.1,-1.15644,75.00337
664,47,1.93,0,0,0,0,0,0,0,0,1,0,0,0,1,0,0,1,0,0,0,0,0,100,0.1,-1.05603,77.30567
665,47,1.93,0,0,0,0,0,0,0,0,1,0,0,0,1,0,0,1,0,0,0,0,0,100,0.1,-0.95543,81.10715
666,47,1.93,0,0,0,0,0,0,0,0,1,0,0,0,1,0,0,1,0,0,0,0,0,100,0.1,-0.85747,87.90697
667,47,1.93,0,0,0,0,0,0,0,0,1,0,0,0,1,0,0,1,0,0,0,0,0,100,0.1,-0.75707,68.09646
668,47,1.93,0,0,0,0,0,0,0,0,1,0,0,0,1,0,0,1,0,0,0,0,0,100,0.1,-0.65741,43.57425
669,47,1.93,0,0,0,0,0,0,0,0,1,0,0,0,1,0,0,1,0,0,0,0,0,100,0.1,-0.557,26.44083
670,47,1.93,0,0,0,0,0,0,0,0,1,0,0,0,1,0,0,1,0,0,0,0,0,100,0.1,-0.4566,17.23162
671,47,1.93,0,0,0,0,0,0,0,0,1,0,0,0,1,0,0,1,0,0,0,0,0,100,0.1,-0.35694,13.64431
